0,1,2,3,4,5,6,7,8,9,10,11,12,13,true_label,predicted_label
45.0,0.0,13.0,280570.0,0.0,39.0,9.0,4.0,4.0,1.0,0.0,2.0,39.0,4.0,0,1
40.0,0.0,9.0,254949.0,0.0,57.0,11.0,4.0,7.0,1.0,0.0,2.0,39.0,4.0,1,0
40.0,0.0,13.0,32185.0,0.0,41.0,9.0,4.0,5.0,1.0,0.0,2.0,39.0,13.0,0,1
50.0,0.0,11.0,325537.0,0.0,65.0,8.0,4.0,0.0,1.0,0.0,2.0,39.0,0.0,1,0
35.0,0.0,16.0,347491.0,0.0,36.0,10.0,4.0,6.0,1.0,0.0,2.0,39.0,10.0,0,1
53.0,0.0,9.0,190257.0,0.0,55.0,11.0,4.0,4.0,1.0,0.0,2.0,39.0,5.0,1,0
40.0,0.0,13.0,331831.0,0.0,35.0,9.0,4.0,4.0,1.0,0.0,2.0,39.0,12.0,0,1
50.0,0.0,2.0,117295.0,0.0,52.0,3.0,4.0,4.0,1.0,0.0,2.0,39.0,4.0,1,0
75.0,0.0,9.0,20809.0,0.0,42.0,11.0,4.0,4.0,1.0,1.0,0.0,39.0,3.0,1,0
40.0,0.0,14.0,284582.0,0.0,37.0,12.0,4.0,4.0,0.0,5.0,2.0,39.0,4.0,0,1
50.0,0.0,14.0,321086.0,0.0,42.0,12.0,4.0,0.0,1.0,0.0,2.0,39.0,0.0,0,1
40.0,0.0,9.0,187493.0,0.0,71.0,11.0,4.0,4.0,1.0,0.0,2.0,39.0,11.0,1,0
40.0,0.0,9.0,100931.0,0.0,59.0,11.0,4.0,1.0,1.0,0.0,2.0,39.0,1.0,1,0
40.0,0.0,13.0,192589.0,0.0,41.0,9.0,4.0,1.0,1.0,0.0,2.0,39.0,1.0,0,1
64.0,0.0,9.0,231948.0,0.0,36.0,11.0,4.0,4.0,1.0,0.0,2.0,39.0,3.0,1,0
16.0,0.0,9.0,148903.0,0.0,35.0,11.0,4.0,4.0,0.0,5.0,2.0,39.0,8.0,1,0
40.0,0.0,13.0,258298.0,2231.0,23.0,9.0,4.0,6.0,1.0,3.0,4.0,39.0,1.0,1,0
40.0,0.0,10.0,109912.0,0.0,42.0,15.0,4.0,4.0,0.0,1.0,4.0,39.0,13.0,1,0
50.0,0.0,9.0,323055.0,0.0,31.0,11.0,4.0,4.0,1.0,0.0,2.0,39.0,14.0,1,0
50.0,0.0,10.0,187715.0,0.0,46.0,15.0,4.0,4.0,1.0,0.0,2.0,39.0,12.0,0,1
40.0,0.0,9.0,187411.0,0.0,38.0,11.0,4.0,5.0,1.0,0.0,2.0,39.0,4.0,1,0
99.0,2407.0,12.0,178356.0,0.0,53.0,7.0,4.0,4.0,1.0,0.0,2.0,39.0,4.0,0,1
45.0,0.0,13.0,207201.0,0.0,32.0,9.0,4.0,4.0,1.0,1.0,4.0,39.0,10.0,1,0
40.0,0.0,9.0,210736.0,0.0,54.0,11.0,4.0,4.0,1.0,0.0,2.0,39.0,3.0,1,0
36.0,0.0,11.0,97757.0,0.0,30.0,8.0,4.0,4.0,0.0,5.0,2.0,39.0,10.0,1,0
50.0,0.0,11.0,147284.0,0.0,32.0,8.0,4.0,4.0,1.0,0.0,2.0,39.0,12.0,1,0
40.0,0.0,3.0,53833.0,0.0,54.0,4.0,4.0,4.0,1.0,0.0,2.0,39.0,14.0,1,0
40.0,0.0,9.0,168211.0,0.0,49.0,11.0,4.0,4.0,1.0,0.0,2.0,39.0,11.0,1,0
4.0,0.0,10.0,148065.0,0.0,70.0,15.0,4.0,0.0,1.0,0.0,2.0,39.0,0.0,1,0
45.0,0.0,10.0,336513.0,0.0,44.0,15.0,4.0,4.0,1.0,0.0,2.0,39.0,10.0,0,1
40.0,0.0,10.0,138022.0,0.0,50.0,15.0,4.0,4.0,1.0,0.0,2.0,39.0,10.0,0,1
30.0,0.0,9.0,102110.0,0.0,49.0,11.0,4.0,6.0,1.0,0.0,2.0,39.0,13.0,1,0
40.0,0.0,9.0,99131.0,0.0,59.0,11.0,4.0,4.0,0.0,5.0,2.0,39.0,1.0,0,1
62.0,0.0,13.0,62396.0,0.0,34.0,9.0,4.0,5.0,0.0,1.0,4.0,39.0,10.0,1,0
45.0,0.0,14.0,117381.0,0.0,37.0,12.0,4.0,4.0,1.0,0.0,2.0,39.0,10.0,0,1
60.0,0.0,13.0,270194.0,0.0,50.0,9.0,4.0,4.0,1.0,0.0,2.0,39.0,4.0,0,1
40.0,0.0,9.0,95299.0,0.0,30.0,11.0,1.0,4.0,1.0,0.0,2.0,40.0,7.0,1,0
98.0,0.0,9.0,195462.0,0.0,52.0,11.0,4.0,6.0,1.0,0.0,2.0,39.0,5.0,1,0
50.0,0.0,9.0,168660.0,0.0,51.0,11.0,4.0,4.0,1.0,0.0,2.0,39.0,4.0,0,1
35.0,0.0,9.0,150079.0,0.0,63.0,11.0,4.0,2.0,0.0,5.0,2.0,39.0,1.0,1,0
45.0,0.0,10.0,33658.0,0.0,41.0,15.0,4.0,2.0,1.0,0.0,2.0,39.0,11.0,1,0
40.0,0.0,9.0,165017.0,0.0,68.0,11.0,4.0,4.0,1.0,0.0,2.0,22.0,10.0,1,0
50.0,0.0,9.0,165937.0,0.0,47.0,11.0,4.0,4.0,1.0,0.0,2.0,39.0,7.0,1,0
50.0,0.0,13.0,197038.0,0.0,47.0,9.0,4.0,1.0,1.0,0.0,2.0,39.0,10.0,0,1
50.0,0.0,10.0,214242.0,0.0,44.0,15.0,4.0,4.0,1.0,0.0,2.0,39.0,14.0,1,0
50.0,0.0,10.0,105803.0,0.0,35.0,15.0,4.0,4.0,1.0,0.0,2.0,39.0,3.0,1,0
20.0,0.0,11.0,172425.0,0.0,39.0,8.0,4.0,4.0,0.0,5.0,2.0,39.0,1.0,1,0
40.0,0.0,16.0,137065.0,0.0,54.0,10.0,4.0,7.0,0.0,1.0,4.0,39.0,4.0,1,0
40.0,0.0,9.0,283122.0,0.0,38.0,11.0,4.0,4.0,1.0,0.0,2.0,39.0,7.0,1,0
60.0,0.0,16.0,113481.0,0.0,35.0,10.0,4.0,4.0,1.0,0.0,2.0,39.0,10.0,0,1
30.0,0.0,13.0,243165.0,0.0,34.0,9.0,4.0,4.0,1.0,0.0,2.0,39.0,8.0,1,0
40.0,0.0,13.0,355856.0,0.0,37.0,9.0,1.0,4.0,1.0,0.0,2.0,1.0,3.0,1,0
45.0,0.0,13.0,176063.0,0.0,44.0,9.0,4.0,4.0,1.0,0.0,2.0,39.0,4.0,0,1
40.0,0.0,9.0,167651.0,0.0,53.0,11.0,4.0,4.0,1.0,0.0,2.0,39.0,3.0,1,0
40.0,0.0,12.0,201531.0,0.0,37.0,7.0,4.0,4.0,1.0,0.0,2.0,39.0,7.0,1,0
40.0,0.0,9.0,361494.0,0.0,59.0,11.0,4.0,4.0,1.0,0.0,2.0,39.0,12.0,1,0
60.0,0.0,9.0,167482.0,0.0,39.0,11.0,4.0,4.0,1.0,0.0,2.0,39.0,8.0,1,0
40.0,0.0,13.0,145964.0,0.0,24.0,9.0,4.0,4.0,1.0,4.0,4.0,39.0,4.0,1,0
45.0,0.0,10.0,103395.0,0.0,40.0,15.0,4.0,4.0,1.0,0.0,2.0,39.0,3.0,1,0
40.0,0.0,9.0,38240.0,0.0,48.0,11.0,4.0,5.0,1.0,0.0,2.0,39.0,5.0,1,0
70.0,0.0,11.0,30575.0,0.0,48.0,8.0,4.0,5.0,1.0,0.0,2.0,39.0,3.0,1,0
40.0,0.0,13.0,100669.0,0.0,34.0,9.0,1.0,4.0,1.0,0.0,2.0,39.0,14.0,1,0
48.0,0.0,10.0,185832.0,0.0,43.0,15.0,4.0,4.0,1.0,0.0,2.0,39.0,7.0,1,0
40.0,0.0,12.0,388725.0,0.0,43.0,7.0,4.0,4.0,1.0,0.0,2.0,39.0,12.0,0,1
40.0,0.0,9.0,95303.0,0.0,65.0,11.0,4.0,4.0,1.0,0.0,2.0,39.0,4.0,1,0
60.0,0.0,9.0,250504.0,0.0,35.0,11.0,2.0,1.0,1.0,0.0,2.0,39.0,1.0,1,0
40.0,0.0,7.0,175641.0,0.0,44.0,1.0,4.0,4.0,1.0,0.0,2.0,39.0,12.0,1,0
35.0,0.0,10.0,47902.0,0.0,41.0,15.0,4.0,4.0,1.0,0.0,2.0,39.0,12.0,1,0
40.0,0.0,13.0,189721.0,0.0,59.0,9.0,4.0,4.0,1.0,0.0,2.0,22.0,6.0,1,0
50.0,0.0,9.0,374313.0,0.0,22.0,11.0,4.0,4.0,1.0,0.0,2.0,39.0,14.0,1,0
60.0,0.0,13.0,52822.0,0.0,59.0,9.0,4.0,5.0,1.0,0.0,2.0,39.0,3.0,0,1
48.0,0.0,9.0,207202.0,0.0,38.0,11.0,4.0,4.0,1.0,0.0,2.0,39.0,7.0,1,0
40.0,0.0,10.0,47310.0,0.0,36.0,15.0,2.0,1.0,0.0,4.0,0.0,39.0,4.0,1,0
40.0,0.0,11.0,314007.0,0.0,39.0,8.0,4.0,4.0,1.0,0.0,2.0,39.0,13.0,0,1
30.0,0.0,15.0,247986.0,0.0,63.0,14.0,4.0,0.0,1.0,0.0,2.0,39.0,0.0,1,0
65.0,0.0,13.0,36214.0,0.0,37.0,9.0,4.0,6.0,1.0,0.0,2.0,39.0,3.0,1,0
40.0,0.0,9.0,146574.0,0.0,54.0,11.0,4.0,5.0,1.0,0.0,2.0,39.0,3.0,1,0
55.0,0.0,10.0,121874.0,0.0,44.0,15.0,4.0,4.0,1.0,4.0,0.0,39.0,12.0,1,0
60.0,0.0,4.0,379118.0,0.0,47.0,5.0,2.0,4.0,1.0,0.0,2.0,39.0,3.0,1,0
40.0,0.0,9.0,82049.0,0.0,41.0,11.0,4.0,4.0,1.0,0.0,2.0,39.0,3.0,1,0
40.0,0.0,9.0,328216.0,0.0,46.0,11.0,4.0,4.0,1.0,0.0,2.0,39.0,3.0,1,0
56.0,0.0,11.0,183486.0,0.0,48.0,8.0,4.0,7.0,0.0,4.0,0.0,39.0,10.0,1,0
40.0,0.0,10.0,75167.0,0.0,30.0,15.0,4.0,4.0,1.0,0.0,2.0,39.0,7.0,1,0
40.0,0.0,9.0,357848.0,0.0,47.0,11.0,4.0,4.0,1.0,0.0,2.0,39.0,3.0,1,0
55.0,0.0,10.0,44728.0,0.0,52.0,15.0,4.0,6.0,1.0,0.0,2.0,39.0,12.0,1,0
40.0,0.0,9.0,28887.0,0.0,37.0,11.0,4.0,7.0,1.0,0.0,2.0,39.0,7.0,1,0
40.0,0.0,10.0,213179.0,0.0,32.0,15.0,4.0,4.0,1.0,3.0,0.0,39.0,3.0,1,0
40.0,0.0,9.0,70447.0,0.0,26.0,11.0,1.0,7.0,1.0,0.0,2.0,39.0,11.0,1,0
42.0,0.0,11.0,33983.0,0.0,36.0,8.0,4.0,4.0,1.0,1.0,4.0,39.0,1.0,1,0
40.0,0.0,9.0,236021.0,0.0,42.0,11.0,4.0,4.0,1.0,0.0,2.0,0.0,3.0,1,0
40.0,0.0,9.0,350440.0,0.0,45.0,11.0,1.0,4.0,1.0,0.0,2.0,39.0,4.0,1,0
50.0,0.0,14.0,150057.0,0.0,39.0,12.0,4.0,4.0,1.0,1.0,4.0,39.0,12.0,1,0
40.0,0.0,9.0,29859.0,1485.0,63.0,11.0,4.0,0.0,1.0,0.0,2.0,39.0,0.0,1,0
42.0,0.0,11.0,57635.0,0.0,25.0,8.0,4.0,4.0,0.0,5.0,2.0,39.0,12.0,1,0
40.0,0.0,14.0,107682.0,0.0,45.0,12.0,4.0,4.0,0.0,1.0,0.0,39.0,4.0,1,0
40.0,0.0,13.0,207685.0,0.0,41.0,9.0,4.0,1.0,1.0,1.0,4.0,39.0,4.0,1,0
45.0,0.0,9.0,304651.0,0.0,38.0,11.0,4.0,4.0,1.0,0.0,2.0,39.0,1.0,1,0
60.0,0.0,10.0,187355.0,0.0,56.0,15.0,4.0,5.0,0.0,5.0,2.0,2.0,12.0,1,0
40.0,0.0,9.0,86551.0,0.0,39.0,11.0,4.0,4.0,1.0,0.0,2.0,39.0,8.0,1,0
70.0,0.0,13.0,269722.0,0.0,39.0,9.0,4.0,4.0,1.0,0.0,2.0,39.0,4.0,0,1
55.0,0.0,10.0,25803.0,0.0,39.0,15.0,4.0,4.0,1.0,0.0,2.0,39.0,12.0,0,1
40.0,0.0,9.0,137522.0,0.0,39.0,11.0,1.0,4.0,1.0,0.0,2.0,0.0,7.0,1,0
50.0,0.0,14.0,284329.0,0.0,53.0,12.0,4.0,6.0,1.0,1.0,0.0,39.0,4.0,1,0
40.0,0.0,13.0,44671.0,0.0,46.0,9.0,4.0,4.0,1.0,0.0,2.0,39.0,11.0,0,1
60.0,0.0,13.0,110490.0,0.0,55.0,9.0,4.0,2.0,0.0,5.0,2.0,39.0,10.0,0,1
40.0,0.0,10.0,338290.0,0.0,43.0,15.0,4.0,4.0,1.0,0.0,2.0,39.0,10.0,0,1
60.0,0.0,13.0,201522.0,0.0,42.0,9.0,4.0,6.0,1.0,0.0,2.0,39.0,12.0,0,1
40.0,0.0,13.0,126701.0,0.0,40.0,9.0,4.0,4.0,1.0,1.0,3.0,39.0,4.0,1,0
40.0,0.0,13.0,65160.0,0.0,50.0,9.0,4.0,1.0,1.0,0.0,2.0,39.0,4.0,0,1
40.0,0.0,5.0,178215.0,0.0,45.0,6.0,4.0,4.0,0.0,5.0,2.0,39.0,7.0,1,0
40.0,0.0,9.0,121124.0,0.0,47.0,11.0,4.0,4.0,1.0,0.0,2.0,39.0,3.0,1,0
40.0,0.0,10.0,245873.0,0.0,51.0,15.0,4.0,4.0,0.0,5.0,2.0,39.0,1.0,0,1
40.0,0.0,10.0,183810.0,0.0,58.0,15.0,4.0,4.0,1.0,0.0,2.0,39.0,4.0,0,1
35.0,0.0,15.0,148576.0,0.0,47.0,14.0,4.0,2.0,1.0,0.0,2.0,39.0,10.0,0,1
42.0,0.0,10.0,115066.0,0.0,34.0,15.0,4.0,4.0,1.0,0.0,2.0,39.0,4.0,1,0
40.0,0.0,13.0,150389.0,0.0,63.0,9.0,4.0,0.0,0.0,1.0,6.0,39.0,0.0,1,0
40.0,0.0,10.0,200783.0,0.0,54.0,15.0,4.0,4.0,1.0,0.0,2.0,39.0,12.0,0,1
40.0,0.0,10.0,341695.0,0.0,64.0,15.0,4.0,1.0,0.0,5.0,2.0,39.0,1.0,1,0
45.0,0.0,13.0,199224.0,0.0,25.0,9.0,4.0,4.0,1.0,0.0,2.0,39.0,10.0,1,0
40.0,0.0,14.0,104973.0,0.0,44.0,12.0,4.0,6.0,1.0,0.0,2.0,39.0,5.0,1,0
40.0,0.0,9.0,316000.0,0.0,58.0,11.0,4.0,4.0,1.0,0.0,2.0,39.0,4.0,1,0
40.0,0.0,14.0,200453.0,0.0,59.0,12.0,4.0,5.0,1.0,0.0,2.0,39.0,12.0,0,1
60.0,0.0,9.0,427474.0,0.0,33.0,11.0,4.0,6.0,1.0,0.0,2.0,39.0,12.0,1,0
35.0,0.0,10.0,172907.0,0.0,84.0,15.0,4.0,5.0,1.0,0.0,2.0,39.0,12.0,1,0
40.0,0.0,10.0,60722.0,0.0,37.0,15.0,1.0,4.0,0.0,1.0,0.0,24.0,4.0,1,0
10.0,0.0,9.0,186350.0,0.0,68.0,11.0,4.0,4.0,0.0,1.0,6.0,39.0,4.0,1,0
40.0,0.0,12.0,157069.0,0.0,53.0,7.0,4.0,4.0,1.0,0.0,2.0,39.0,7.0,1,0
50.0,0.0,9.0,133969.0,0.0,45.0,11.0,1.0,6.0,1.0,0.0,2.0,35.0,12.0,1,0
80.0,0.0,10.0,127678.0,0.0,47.0,15.0,4.0,5.0,1.0,0.0,2.0,39.0,12.0,0,1
45.0,0.0,9.0,76371.0,0.0,68.0,11.0,4.0,4.0,1.0,0.0,2.0,39.0,6.0,1,0
40.0,0.0,10.0,233327.0,0.0,35.0,15.0,4.0,2.0,1.0,0.0,2.0,39.0,11.0,0,1
40.0,0.0,14.0,135285.0,0.0,60.0,12.0,4.0,6.0,1.0,0.0,2.0,39.0,10.0,0,1
37.0,0.0,12.0,97933.0,1485.0,30.0,7.0,4.0,4.0,0.0,5.0,2.0,39.0,14.0,1,0
45.0,0.0,14.0,218676.0,0.0,47.0,12.0,4.0,6.0,1.0,0.0,2.0,39.0,4.0,0,1
48.0,0.0,10.0,401832.0,0.0,39.0,15.0,4.0,4.0,1.0,0.0,2.0,39.0,4.0,0,1
45.0,0.0,14.0,156464.0,0.0,30.0,12.0,4.0,4.0,1.0,1.0,4.0,39.0,10.0,1,0
40.0,0.0,10.0,250038.0,0.0,26.0,15.0,4.0,4.0,1.0,0.0,2.0,39.0,1.0,1,0
84.0,0.0,11.0,139916.0,2179.0,41.0,8.0,3.0,5.0,1.0,0.0,2.0,26.0,12.0,0,1
60.0,0.0,13.0,35295.0,0.0,53.0,9.0,4.0,6.0,1.0,4.0,4.0,39.0,12.0,1,0
40.0,10566.0,9.0,82388.0,0.0,62.0,11.0,4.0,6.0,1.0,0.0,2.0,39.0,3.0,0,1
50.0,0.0,9.0,76212.0,0.0,66.0,11.0,4.0,5.0,1.0,0.0,2.0,39.0,14.0,1,0
47.0,0.0,9.0,189843.0,0.0,31.0,11.0,4.0,2.0,1.0,1.0,0.0,39.0,11.0,1,0
40.0,0.0,9.0,215389.0,0.0,48.0,11.0,2.0,1.0,1.0,0.0,2.0,39.0,14.0,1,0
40.0,0.0,9.0,147206.0,0.0,40.0,11.0,4.0,4.0,1.0,0.0,2.0,39.0,3.0,1,0
30.0,0.0,10.0,195733.0,0.0,65.0,15.0,4.0,0.0,1.0,0.0,2.0,39.0,0.0,1,0
60.0,0.0,13.0,115932.0,0.0,43.0,9.0,4.0,4.0,1.0,1.0,4.0,39.0,12.0,1,0
40.0,0.0,10.0,383745.0,1485.0,29.0,15.0,4.0,2.0,1.0,0.0,2.0,39.0,11.0,1,0
50.0,0.0,10.0,190072.0,0.0,48.0,15.0,4.0,4.0,1.0,1.0,0.0,39.0,4.0,1,0
50.0,0.0,14.0,158926.0,0.0,43.0,12.0,1.0,4.0,0.0,5.0,2.0,35.0,10.0,0,1
40.0,0.0,9.0,256362.0,0.0,32.0,11.0,4.0,4.0,1.0,0.0,2.0,39.0,3.0,1,0
35.0,0.0,10.0,200515.0,0.0,28.0,15.0,4.0,4.0,1.0,0.0,2.0,39.0,8.0,1,0
40.0,0.0,9.0,165599.0,0.0,42.0,11.0,4.0,4.0,1.0,0.0,2.0,39.0,6.0,1,0
24.0,0.0,10.0,168837.0,0.0,45.0,15.0,4.0,4.0,0.0,5.0,2.0,2.0,1.0,1,0
40.0,0.0,11.0,383322.0,0.0,28.0,8.0,4.0,4.0,1.0,0.0,2.0,39.0,7.0,1,0
48.0,0.0,13.0,410450.0,0.0,28.0,9.0,4.0,4.0,0.0,4.0,0.0,9.0,8.0,1,0
40.0,0.0,11.0,393768.0,0.0,55.0,8.0,4.0,4.0,1.0,0.0,2.0,39.0,4.0,0,1
40.0,0.0,9.0,405309.0,0.0,46.0,11.0,4.0,4.0,1.0,0.0,2.0,39.0,4.0,0,1
40.0,0.0,10.0,322171.0,0.0,35.0,15.0,4.0,4.0,0.0,5.0,2.0,39.0,8.0,1,0
50.0,0.0,12.0,188246.0,0.0,31.0,7.0,4.0,4.0,1.0,1.0,0.0,39.0,3.0,1,0
24.0,0.0,9.0,114580.0,0.0,40.0,11.0,4.0,4.0,0.0,5.0,2.0,39.0,4.0,1,0
40.0,0.0,10.0,152621.0,0.0,36.0,15.0,4.0,4.0,1.0,0.0,2.0,2.0,3.0,1,0
35.0,0.0,11.0,283917.0,0.0,41.0,8.0,4.0,7.0,1.0,0.0,2.0,39.0,10.0,1,0
60.0,0.0,10.0,397466.0,0.0,48.0,15.0,4.0,6.0,1.0,0.0,2.0,39.0,4.0,0,1
50.0,0.0,10.0,467108.0,0.0,34.0,15.0,4.0,4.0,1.0,1.0,4.0,39.0,10.0,1,0
40.0,0.0,15.0,172104.0,0.0,36.0,14.0,3.0,4.0,1.0,1.0,4.0,19.0,10.0,1,0
50.0,0.0,9.0,184553.0,0.0,57.0,11.0,4.0,6.0,1.0,0.0,2.0,39.0,3.0,1,0
40.0,0.0,10.0,23074.0,0.0,49.0,15.0,4.0,4.0,0.0,1.0,6.0,39.0,4.0,1,0
40.0,0.0,9.0,198078.0,0.0,61.0,11.0,4.0,4.0,1.0,0.0,2.0,39.0,14.0,1,0
40.0,0.0,9.0,208577.0,0.0,29.0,11.0,4.0,4.0,1.0,0.0,2.0,39.0,10.0,1,0
38.0,0.0,13.0,394860.0,0.0,46.0,9.0,4.0,7.0,1.0,0.0,2.0,39.0,10.0,0,1
40.0,0.0,9.0,395736.0,0.0,59.0,11.0,4.0,4.0,1.0,0.0,2.0,39.0,6.0,1,0
40.0,0.0,9.0,47392.0,0.0,57.0,11.0,4.0,2.0,1.0,0.0,2.0,39.0,4.0,1,0
58.0,0.0,13.0,237879.0,0.0,58.0,9.0,4.0,2.0,1.0,0.0,2.0,39.0,10.0,0,1
50.0,0.0,13.0,142712.0,0.0,28.0,9.0,4.0,4.0,1.0,1.0,4.0,39.0,4.0,1,0
40.0,0.0,14.0,154568.0,0.0,38.0,12.0,1.0,4.0,1.0,0.0,2.0,0.0,4.0,0,1
40.0,0.0,9.0,278322.0,0.0,49.0,11.0,4.0,4.0,1.0,0.0,2.0,39.0,3.0,1,0
55.0,0.0,10.0,62669.0,0.0,35.0,15.0,4.0,4.0,1.0,0.0,2.0,39.0,4.0,1,0
80.0,0.0,9.0,139730.0,0.0,25.0,11.0,4.0,4.0,1.0,0.0,2.0,39.0,3.0,1,0
45.0,0.0,12.0,405793.0,0.0,28.0,7.0,4.0,4.0,1.0,0.0,2.0,39.0,13.0,1,0
40.0,0.0,10.0,193036.0,0.0,34.0,15.0,2.0,4.0,1.0,0.0,2.0,39.0,1.0,1,0
45.0,0.0,13.0,250724.0,0.0,34.0,9.0,4.0,4.0,1.0,0.0,2.0,23.0,12.0,0,1
40.0,0.0,9.0,91037.0,0.0,36.0,11.0,4.0,4.0,0.0,5.0,2.0,39.0,1.0,1,0
45.0,0.0,9.0,195554.0,0.0,45.0,11.0,4.0,4.0,1.0,0.0,2.0,39.0,7.0,1,0
25.0,0.0,9.0,178866.0,0.0,43.0,11.0,4.0,4.0,0.0,5.0,2.0,39.0,1.0,1,0
40.0,0.0,10.0,154668.0,0.0,41.0,15.0,4.0,4.0,1.0,0.0,2.0,39.0,10.0,0,1
40.0,0.0,13.0,194740.0,0.0,30.0,9.0,4.0,2.0,1.0,0.0,2.0,39.0,11.0,0,1
55.0,0.0,10.0,79531.0,0.0,42.0,15.0,4.0,6.0,1.0,0.0,2.0,39.0,4.0,1,0
50.0,0.0,10.0,160614.0,0.0,33.0,15.0,4.0,4.0,1.0,0.0,2.0,39.0,4.0,0,1
43.0,0.0,11.0,173682.0,0.0,41.0,8.0,4.0,4.0,1.0,0.0,2.0,39.0,3.0,1,0
60.0,0.0,11.0,466498.0,0.0,56.0,8.0,2.0,7.0,1.0,0.0,2.0,39.0,3.0,1,0
40.0,0.0,9.0,319280.0,0.0,30.0,11.0,4.0,2.0,1.0,0.0,2.0,39.0,11.0,1,0
72.0,0.0,9.0,96129.0,0.0,40.0,11.0,4.0,4.0,1.0,0.0,2.0,39.0,12.0,1,0
35.0,0.0,9.0,188220.0,0.0,66.0,11.0,4.0,2.0,0.0,4.0,6.0,39.0,1.0,1,0
32.0,0.0,10.0,252413.0,0.0,60.0,15.0,3.0,4.0,1.0,0.0,2.0,39.0,3.0,1,0
65.0,0.0,10.0,373606.0,0.0,48.0,15.0,4.0,6.0,1.0,4.0,0.0,39.0,12.0,1,0
60.0,0.0,13.0,126569.0,0.0,37.0,9.0,4.0,5.0,1.0,0.0,2.0,39.0,3.0,0,1
40.0,0.0,11.0,196584.0,1564.0,45.0,8.0,4.0,4.0,0.0,1.0,4.0,39.0,10.0,1,0
40.0,0.0,13.0,230568.0,0.0,61.0,9.0,4.0,4.0,1.0,1.0,0.0,39.0,1.0,1,0
38.0,0.0,13.0,177305.0,0.0,38.0,9.0,4.0,2.0,1.0,0.0,2.0,39.0,10.0,0,1
45.0,0.0,10.0,198692.0,0.0,42.0,15.0,4.0,6.0,1.0,0.0,2.0,39.0,3.0,1,0
40.0,0.0,9.0,30030.0,0.0,57.0,11.0,2.0,1.0,1.0,0.0,2.0,39.0,3.0,1,0
99.0,0.0,13.0,185195.0,0.0,55.0,9.0,4.0,6.0,1.0,0.0,2.0,39.0,4.0,0,1
50.0,0.0,10.0,151504.0,0.0,44.0,15.0,4.0,4.0,1.0,0.0,2.0,39.0,12.0,0,1
40.0,0.0,9.0,174964.0,0.0,52.0,11.0,4.0,4.0,1.0,0.0,2.0,39.0,12.0,1,0
50.0,0.0,16.0,34037.0,0.0,42.0,10.0,4.0,4.0,1.0,1.0,4.0,39.0,10.0,0,1
45.0,0.0,13.0,212448.0,0.0,57.0,9.0,4.0,4.0,0.0,1.0,0.0,39.0,4.0,1,0
60.0,0.0,9.0,196348.0,0.0,36.0,11.0,4.0,7.0,1.0,0.0,2.0,39.0,4.0,1,0
70.0,0.0,13.0,53481.0,0.0,58.0,9.0,4.0,0.0,1.0,0.0,2.0,39.0,0.0,0,1
70.0,0.0,9.0,121055.0,0.0,31.0,11.0,4.0,2.0,1.0,0.0,2.0,39.0,3.0,1,0
24.0,0.0,15.0,89391.0,0.0,81.0,14.0,4.0,0.0,1.0,0.0,2.0,39.0,0.0,1,0
60.0,0.0,9.0,342907.0,0.0,46.0,11.0,2.0,6.0,1.0,0.0,2.0,39.0,12.0,1,0
40.0,0.0,13.0,123598.0,0.0,46.0,9.0,4.0,4.0,1.0,0.0,2.0,39.0,12.0,0,1
40.0,0.0,13.0,186269.0,0.0,30.0,9.0,4.0,4.0,1.0,0.0,2.0,39.0,13.0,0,1
40.0,0.0,9.0,329733.0,0.0,54.0,11.0,4.0,4.0,1.0,4.0,4.0,39.0,4.0,1,0
40.0,0.0,14.0,294431.0,0.0,42.0,12.0,4.0,1.0,1.0,0.0,2.0,39.0,10.0,0,1
40.0,0.0,9.0,154410.0,0.0,39.0,11.0,4.0,4.0,1.0,0.0,2.0,39.0,1.0,1,0
40.0,0.0,10.0,125461.0,0.0,41.0,15.0,4.0,4.0,1.0,1.0,0.0,39.0,3.0,1,0
40.0,0.0,10.0,252079.0,0.0,49.0,15.0,4.0,4.0,1.0,0.0,2.0,39.0,14.0,1,0
40.0,0.0,10.0,159187.0,0.0,31.0,15.0,4.0,4.0,1.0,0.0,2.0,39.0,3.0,1,0
36.0,0.0,13.0,154568.0,0.0,30.0,9.0,1.0,4.0,1.0,0.0,2.0,40.0,3.0,1,0
84.0,0.0,9.0,300104.0,0.0,57.0,11.0,4.0,4.0,1.0,0.0,2.0,39.0,3.0,1,0
37.0,0.0,13.0,193047.0,0.0,46.0,9.0,4.0,7.0,1.0,0.0,2.0,39.0,10.0,0,1
40.0,0.0,12.0,114937.0,0.0,31.0,7.0,4.0,4.0,1.0,0.0,2.0,39.0,1.0,1,0
45.0,0.0,14.0,191411.0,0.0,47.0,12.0,1.0,4.0,1.0,0.0,2.0,19.0,10.0,0,1
35.0,0.0,16.0,177271.0,0.0,57.0,10.0,4.0,6.0,1.0,0.0,2.0,39.0,10.0,0,1
32.0,0.0,7.0,159908.0,0.0,61.0,1.0,4.0,7.0,0.0,4.0,6.0,39.0,8.0,1,0
40.0,0.0,16.0,71417.0,0.0,53.0,10.0,4.0,7.0,1.0,0.0,2.0,39.0,10.0,0,1
40.0,0.0,9.0,271262.0,0.0,50.0,11.0,4.0,4.0,1.0,0.0,2.0,39.0,14.0,1,0
35.0,0.0,13.0,251854.0,0.0,27.0,9.0,2.0,0.0,0.0,5.0,2.0,0.0,0.0,1,0
40.0,0.0,13.0,103649.0,0.0,30.0,9.0,2.0,4.0,0.0,5.0,2.0,39.0,1.0,1,0
50.0,0.0,14.0,133201.0,0.0,55.0,12.0,4.0,2.0,1.0,0.0,2.0,39.0,4.0,0,1
40.0,0.0,13.0,77085.0,0.0,45.0,9.0,1.0,4.0,1.0,0.0,2.0,24.0,3.0,1,0
40.0,0.0,14.0,31740.0,0.0,32.0,12.0,1.0,4.0,1.0,0.0,2.0,19.0,10.0,0,1
50.0,0.0,16.0,446358.0,0.0,31.0,10.0,4.0,2.0,1.0,1.0,4.0,26.0,10.0,1,0
48.0,0.0,9.0,211231.0,0.0,25.0,11.0,4.0,4.0,0.0,2.0,2.0,39.0,13.0,1,0
45.0,0.0,10.0,199763.0,0.0,56.0,15.0,4.0,4.0,1.0,0.0,2.0,39.0,3.0,0,1
55.0,0.0,10.0,294313.0,0.0,58.0,15.0,2.0,2.0,0.0,5.0,2.0,39.0,1.0,0,1
60.0,0.0,10.0,263561.0,0.0,33.0,15.0,4.0,4.0,1.0,0.0,2.0,39.0,3.0,1,0
65.0,0.0,13.0,144949.0,0.0,33.0,9.0,4.0,5.0,1.0,0.0,2.0,39.0,12.0,0,1
60.0,0.0,13.0,249935.0,0.0,45.0,9.0,4.0,4.0,1.0,0.0,2.0,39.0,5.0,0,1
40.0,0.0,12.0,213195.0,0.0,28.0,7.0,4.0,2.0,0.0,5.0,2.0,39.0,1.0,1,0
40.0,0.0,10.0,157079.0,0.0,55.0,15.0,2.0,4.0,1.0,0.0,2.0,0.0,11.0,1,0
40.0,0.0,9.0,210013.0,0.0,44.0,11.0,4.0,4.0,1.0,0.0,2.0,39.0,14.0,1,0
50.0,0.0,13.0,111066.0,0.0,49.0,9.0,4.0,6.0,1.0,0.0,2.0,39.0,3.0,1,0
40.0,0.0,9.0,168381.0,0.0,52.0,11.0,1.0,4.0,0.0,4.0,6.0,19.0,8.0,1,0
42.0,0.0,12.0,286689.0,0.0,32.0,7.0,4.0,4.0,1.0,0.0,2.0,39.0,13.0,1,0
41.0,0.0,10.0,137618.0,0.0,29.0,15.0,4.0,4.0,0.0,1.0,4.0,39.0,8.0,1,0
50.0,0.0,15.0,218916.0,0.0,39.0,14.0,4.0,4.0,1.0,1.0,0.0,39.0,4.0,0,1
40.0,0.0,13.0,343646.0,0.0,39.0,9.0,4.0,7.0,1.0,1.0,0.0,26.0,11.0,1,0
35.0,0.0,9.0,163113.0,0.0,58.0,11.0,4.0,4.0,0.0,1.0,6.0,39.0,12.0,1,0
40.0,0.0,9.0,36039.0,0.0,65.0,11.0,4.0,0.0,1.0,0.0,2.0,39.0,0.0,1,0
35.0,0.0,10.0,112821.0,0.0,60.0,15.0,4.0,0.0,1.0,0.0,2.0,39.0,0.0,1,0
52.0,0.0,10.0,204325.0,0.0,54.0,15.0,4.0,2.0,1.0,0.0,2.0,39.0,11.0,0,1
80.0,0.0,10.0,274363.0,0.0,41.0,15.0,4.0,4.0,1.0,1.0,5.0,39.0,12.0,1,0
60.0,0.0,13.0,403391.0,0.0,38.0,9.0,4.0,6.0,1.0,0.0,2.0,39.0,4.0,0,1
50.0,0.0,13.0,101510.0,0.0,34.0,9.0,4.0,4.0,0.0,1.0,0.0,39.0,12.0,1,0
60.0,0.0,13.0,190023.0,0.0,39.0,9.0,4.0,6.0,1.0,0.0,2.0,39.0,12.0,0,1
40.0,0.0,10.0,198170.0,0.0,60.0,15.0,4.0,4.0,1.0,0.0,2.0,39.0,14.0,1,0
20.0,0.0,10.0,34361.0,0.0,51.0,15.0,4.0,4.0,0.0,5.0,2.0,39.0,4.0,1,0
40.0,0.0,10.0,109209.0,0.0,46.0,15.0,4.0,4.0,1.0,0.0,2.0,39.0,1.0,1,0
40.0,0.0,13.0,52849.0,0.0,43.0,9.0,4.0,7.0,1.0,0.0,2.0,39.0,10.0,0,1
40.0,0.0,13.0,105017.0,0.0,65.0,9.0,4.0,0.0,1.0,0.0,2.0,39.0,0.0,0,1
45.0,0.0,13.0,345277.0,0.0,33.0,9.0,4.0,4.0,0.0,1.0,4.0,39.0,13.0,1,0
50.0,0.0,13.0,47902.0,0.0,41.0,9.0,4.0,7.0,1.0,0.0,2.0,39.0,1.0,1,0
50.0,0.0,14.0,188246.0,0.0,31.0,12.0,4.0,4.0,1.0,0.0,2.0,39.0,10.0,0,1
40.0,0.0,9.0,180553.0,0.0,27.0,11.0,4.0,0.0,0.0,5.0,2.0,39.0,0.0,1,0
14.0,0.0,10.0,175689.0,0.0,59.0,15.0,4.0,4.0,0.0,5.0,2.0,5.0,1.0,1,0
42.0,0.0,9.0,95519.0,0.0,53.0,11.0,4.0,4.0,1.0,0.0,2.0,39.0,10.0,1,0
40.0,0.0,13.0,262233.0,0.0,43.0,9.0,4.0,1.0,1.0,1.0,0.0,39.0,4.0,1,0
60.0,0.0,14.0,23510.0,2201.0,42.0,12.0,1.0,5.0,1.0,4.0,0.0,19.0,4.0,1,0
48.0,0.0,10.0,249644.0,0.0,51.0,15.0,4.0,4.0,1.0,1.0,0.0,39.0,3.0,1,0
40.0,0.0,12.0,34377.0,0.0,46.0,7.0,4.0,4.0,1.0,0.0,2.0,39.0,3.0,1,0
40.0,0.0,10.0,53893.0,0.0,46.0,15.0,4.0,4.0,1.0,0.0,2.0,39.0,13.0,1,0
60.0,0.0,13.0,259840.0,0.0,28.0,9.0,4.0,4.0,1.0,0.0,2.0,39.0,12.0,1,0
40.0,0.0,8.0,134768.0,0.0,62.0,2.0,4.0,6.0,1.0,0.0,2.0,39.0,3.0,1,0
40.0,0.0,13.0,162678.0,0.0,62.0,9.0,4.0,7.0,1.0,0.0,2.0,39.0,4.0,0,1
50.0,0.0,13.0,124483.0,0.0,35.0,9.0,1.0,4.0,1.0,1.0,4.0,0.0,12.0,1,0
50.0,0.0,13.0,201117.0,0.0,36.0,9.0,4.0,4.0,1.0,0.0,2.0,39.0,4.0,0,1
50.0,0.0,14.0,190305.0,0.0,31.0,12.0,4.0,7.0,1.0,0.0,2.0,39.0,10.0,0,1
40.0,0.0,9.0,184659.0,1485.0,35.0,11.0,4.0,7.0,1.0,0.0,2.0,39.0,3.0,1,0
50.0,0.0,10.0,175942.0,0.0,57.0,15.0,4.0,4.0,0.0,1.0,0.0,39.0,4.0,1,0
45.0,0.0,10.0,104748.0,0.0,51.0,15.0,4.0,4.0,1.0,0.0,2.0,39.0,4.0,0,1
40.0,0.0,12.0,328301.0,0.0,35.0,7.0,4.0,4.0,0.0,5.0,1.0,39.0,1.0,0,1
38.0,0.0,9.0,123780.0,0.0,52.0,11.0,4.0,4.0,0.0,5.0,2.0,39.0,1.0,0,1
40.0,6097.0,4.0,196610.0,0.0,71.0,5.0,4.0,4.0,1.0,1.0,6.0,39.0,4.0,1,0
45.0,0.0,10.0,205100.0,0.0,51.0,15.0,4.0,4.0,0.0,1.0,0.0,39.0,12.0,1,0
45.0,0.0,14.0,201988.0,0.0,33.0,12.0,4.0,4.0,1.0,0.0,2.0,39.0,10.0,0,1
40.0,0.0,9.0,163140.0,0.0,79.0,11.0,4.0,0.0,1.0,0.0,2.0,39.0,0.0,1,0
52.0,0.0,9.0,29762.0,0.0,41.0,11.0,4.0,4.0,1.0,0.0,2.0,39.0,3.0,1,0
50.0,0.0,10.0,172304.0,0.0,31.0,15.0,4.0,4.0,1.0,0.0,2.0,39.0,3.0,1,0
45.0,0.0,13.0,149640.0,0.0,46.0,9.0,4.0,4.0,1.0,1.0,0.0,9.0,10.0,1,0
40.0,0.0,9.0,94081.0,0.0,51.0,11.0,4.0,4.0,1.0,1.0,4.0,39.0,3.0,1,0
45.0,0.0,13.0,224799.0,0.0,40.0,9.0,4.0,4.0,1.0,0.0,2.0,39.0,10.0,0,1
50.0,0.0,10.0,392812.0,0.0,33.0,15.0,4.0,4.0,1.0,0.0,2.0,39.0,6.0,1,0
40.0,0.0,9.0,177413.0,0.0,29.0,11.0,4.0,4.0,1.0,0.0,2.0,39.0,7.0,1,0
8.0,0.0,13.0,334273.0,0.0,50.0,9.0,4.0,6.0,1.0,0.0,2.0,39.0,12.0,0,1
40.0,0.0,13.0,218955.0,0.0,35.0,9.0,4.0,4.0,1.0,0.0,2.0,39.0,12.0,0,1
40.0,0.0,13.0,154941.0,0.0,25.0,9.0,4.0,4.0,1.0,0.0,2.0,39.0,12.0,1,0
80.0,0.0,9.0,37237.0,0.0,51.0,11.0,4.0,4.0,1.0,0.0,2.0,39.0,5.0,1,0
65.0,0.0,14.0,206066.0,0.0,42.0,12.0,4.0,6.0,1.0,0.0,2.0,39.0,10.0,0,1
56.0,0.0,10.0,81654.0,0.0,47.0,15.0,4.0,2.0,1.0,1.0,0.0,39.0,4.0,1,0
65.0,0.0,9.0,206951.0,0.0,38.0,11.0,4.0,5.0,1.0,0.0,2.0,39.0,4.0,0,1
50.0,0.0,9.0,234504.0,0.0,48.0,11.0,4.0,4.0,1.0,0.0,2.0,39.0,4.0,0,1
58.0,0.0,10.0,104892.0,0.0,44.0,15.0,4.0,5.0,1.0,0.0,2.0,39.0,3.0,1,0
40.0,0.0,10.0,108681.0,0.0,41.0,15.0,4.0,4.0,0.0,5.0,2.0,39.0,1.0,0,1
50.0,0.0,5.0,150025.0,0.0,28.0,6.0,4.0,4.0,1.0,1.0,4.0,0.0,3.0,1,0
55.0,0.0,13.0,109434.0,0.0,45.0,9.0,4.0,4.0,1.0,0.0,2.0,39.0,10.0,0,1
40.0,0.0,11.0,272625.0,0.0,42.0,8.0,2.0,1.0,0.0,4.0,0.0,39.0,1.0,1,0
45.0,0.0,14.0,180142.0,0.0,52.0,12.0,4.0,4.0,1.0,0.0,2.0,39.0,13.0,0,1
40.0,0.0,9.0,368797.0,0.0,57.0,11.0,4.0,5.0,1.0,0.0,2.0,39.0,4.0,0,1
32.0,0.0,10.0,101352.0,0.0,32.0,15.0,4.0,4.0,0.0,5.0,2.0,39.0,13.0,1,0
99.0,0.0,9.0,178370.0,0.0,31.0,11.0,4.0,4.0,0.0,4.0,0.0,39.0,8.0,1,0
35.0,0.0,9.0,412296.0,0.0,37.0,11.0,4.0,4.0,1.0,0.0,2.0,26.0,3.0,1,0
35.0,0.0,13.0,169628.0,0.0,43.0,9.0,2.0,4.0,0.0,4.0,4.0,39.0,12.0,1,0
55.0,0.0,10.0,251659.0,1485.0,31.0,15.0,1.0,4.0,1.0,0.0,2.0,0.0,8.0,1,0
60.0,0.0,12.0,284403.0,0.0,43.0,7.0,2.0,4.0,1.0,0.0,2.0,39.0,12.0,0,1
70.0,0.0,5.0,82540.0,0.0,37.0,6.0,4.0,6.0,1.0,0.0,2.0,39.0,14.0,1,0
70.0,0.0,11.0,113324.0,0.0,41.0,8.0,4.0,6.0,1.0,0.0,2.0,39.0,5.0,1,0
40.0,0.0,9.0,145041.0,0.0,47.0,11.0,4.0,4.0,1.0,0.0,2.0,5.0,7.0,1,0
38.0,0.0,9.0,166187.0,0.0,67.0,11.0,4.0,4.0,1.0,4.0,6.0,39.0,4.0,1,0
50.0,0.0,10.0,124293.0,0.0,37.0,15.0,4.0,4.0,1.0,0.0,2.0,39.0,1.0,0,1
40.0,0.0,10.0,36924.0,0.0,41.0,15.0,4.0,2.0,1.0,0.0,2.0,39.0,1.0,1,0
40.0,0.0,10.0,136787.0,0.0,61.0,15.0,4.0,1.0,1.0,0.0,2.0,39.0,1.0,1,0
45.0,0.0,10.0,380614.0,0.0,39.0,15.0,4.0,4.0,0.0,1.0,0.0,39.0,10.0,1,0
50.0,0.0,14.0,204527.0,0.0,35.0,12.0,4.0,4.0,1.0,1.0,4.0,39.0,3.0,1,0
16.0,0.0,15.0,193130.0,0.0,56.0,14.0,4.0,4.0,1.0,0.0,2.0,39.0,4.0,0,1
45.0,0.0,9.0,182668.0,0.0,69.0,11.0,4.0,0.0,1.0,0.0,2.0,39.0,0.0,1,0
45.0,0.0,10.0,116632.0,0.0,43.0,15.0,4.0,0.0,1.0,0.0,2.0,39.0,0.0,1,0
45.0,0.0,14.0,118551.0,0.0,32.0,12.0,4.0,4.0,0.0,1.0,4.0,39.0,4.0,1,0
20.0,0.0,9.0,133821.0,0.0,71.0,11.0,4.0,5.0,0.0,5.0,2.0,39.0,1.0,1,0
70.0,0.0,14.0,240013.0,0.0,52.0,12.0,4.0,6.0,1.0,0.0,2.0,39.0,12.0,0,1
40.0,0.0,10.0,98116.0,0.0,75.0,15.0,4.0,5.0,1.0,1.0,6.0,39.0,12.0,1,0
40.0,0.0,10.0,53197.0,0.0,51.0,15.0,4.0,4.0,1.0,0.0,2.0,39.0,3.0,1,0
30.0,0.0,15.0,186035.0,0.0,36.0,14.0,4.0,6.0,1.0,0.0,2.0,39.0,12.0,1,0
45.0,0.0,10.0,409189.0,0.0,37.0,15.0,4.0,4.0,1.0,0.0,2.0,39.0,3.0,0,1
60.0,0.0,9.0,90705.0,0.0,32.0,11.0,4.0,4.0,1.0,0.0,2.0,39.0,14.0,1,0
40.0,0.0,10.0,156566.0,0.0,41.0,15.0,4.0,4.0,1.0,0.0,2.0,39.0,3.0,1,0
40.0,0.0,13.0,359461.0,0.0,47.0,9.0,4.0,4.0,1.0,0.0,2.0,39.0,3.0,0,1
40.0,0.0,9.0,69251.0,0.0,34.0,11.0,1.0,4.0,1.0,0.0,2.0,39.0,14.0,1,0
40.0,0.0,10.0,89172.0,0.0,41.0,15.0,4.0,2.0,1.0,0.0,2.0,39.0,5.0,1,0
55.0,0.0,12.0,103580.0,0.0,54.0,7.0,4.0,4.0,0.0,4.0,0.0,39.0,4.0,1,0
60.0,0.0,9.0,321856.0,0.0,40.0,11.0,4.0,4.0,1.0,1.0,0.0,39.0,14.0,1,0
40.0,0.0,9.0,364782.0,0.0,38.0,11.0,4.0,4.0,1.0,0.0,2.0,39.0,3.0,1,0
20.0,0.0,10.0,166961.0,0.0,30.0,15.0,4.0,6.0,0.0,5.0,2.0,39.0,1.0,1,0
50.0,0.0,14.0,51744.0,0.0,90.0,12.0,2.0,4.0,1.0,1.0,4.0,39.0,4.0,1,0
40.0,0.0,13.0,180881.0,0.0,52.0,9.0,4.0,4.0,1.0,0.0,2.0,39.0,4.0,0,1
40.0,0.0,13.0,222654.0,0.0,31.0,9.0,4.0,4.0,1.0,0.0,2.0,39.0,4.0,0,1
40.0,0.0,9.0,36228.0,1902.0,46.0,11.0,4.0,2.0,1.0,0.0,2.0,39.0,3.0,0,1
40.0,0.0,9.0,226871.0,0.0,49.0,11.0,2.0,2.0,1.0,0.0,2.0,39.0,7.0,1,0
40.0,0.0,11.0,432565.0,0.0,30.0,8.0,4.0,4.0,0.0,2.0,2.0,2.0,13.0,1,0
40.0,0.0,14.0,46044.0,0.0,47.0,12.0,4.0,4.0,1.0,0.0,2.0,39.0,4.0,0,1
45.0,0.0,13.0,317175.0,0.0,24.0,9.0,4.0,4.0,1.0,0.0,2.0,39.0,12.0,1,0
35.0,0.0,12.0,136450.0,0.0,25.0,7.0,4.0,6.0,0.0,5.0,2.0,39.0,1.0,1,0
8.0,0.0,13.0,204486.0,0.0,60.0,9.0,4.0,0.0,1.0,0.0,2.0,39.0,0.0,1,0
44.0,0.0,9.0,85413.0,0.0,60.0,11.0,4.0,4.0,1.0,0.0,2.0,39.0,14.0,1,0
40.0,0.0,9.0,140851.0,0.0,62.0,11.0,4.0,2.0,1.0,0.0,2.0,39.0,8.0,1,0
40.0,0.0,16.0,182108.0,0.0,41.0,10.0,4.0,4.0,0.0,1.0,4.0,39.0,7.0,1,0
40.0,0.0,9.0,164707.0,0.0,32.0,11.0,4.0,1.0,0.0,5.0,2.0,39.0,1.0,1,0
35.0,0.0,13.0,83413.0,0.0,32.0,9.0,4.0,1.0,1.0,0.0,2.0,39.0,1.0,1,0
40.0,0.0,12.0,86837.0,0.0,64.0,7.0,1.0,1.0,1.0,0.0,2.0,39.0,8.0,1,0
35.0,0.0,13.0,167670.0,0.0,60.0,9.0,4.0,4.0,1.0,0.0,2.0,39.0,10.0,0,1
60.0,0.0,13.0,44257.0,0.0,47.0,9.0,4.0,1.0,1.0,1.0,3.0,39.0,4.0,1,0
72.0,0.0,9.0,45366.0,0.0,41.0,11.0,4.0,4.0,1.0,0.0,2.0,39.0,3.0,1,0
40.0,0.0,13.0,186808.0,0.0,36.0,9.0,4.0,4.0,1.0,3.0,2.0,39.0,3.0,1,0
40.0,0.0,14.0,28334.0,0.0,63.0,12.0,4.0,4.0,0.0,1.0,0.0,39.0,4.0,1,0
40.0,0.0,11.0,129661.0,0.0,27.0,8.0,0.0,0.0,0.0,5.0,2.0,39.0,0.0,1,0
48.0,0.0,10.0,173495.0,0.0,34.0,15.0,4.0,4.0,1.0,0.0,2.0,39.0,3.0,1,0
40.0,0.0,10.0,251239.0,0.0,42.0,15.0,4.0,4.0,1.0,0.0,2.0,33.0,4.0,0,1
40.0,0.0,9.0,315143.0,0.0,33.0,11.0,4.0,4.0,1.0,0.0,2.0,5.0,12.0,1,0
60.0,0.0,9.0,165466.0,0.0,38.0,11.0,4.0,4.0,1.0,0.0,2.0,39.0,1.0,1,0
40.0,0.0,9.0,294708.0,0.0,40.0,11.0,2.0,4.0,1.0,0.0,2.0,39.0,14.0,1,0
40.0,0.0,14.0,222756.0,0.0,43.0,12.0,4.0,1.0,1.0,0.0,2.0,39.0,3.0,0,1
40.0,0.0,9.0,152629.0,0.0,43.0,11.0,4.0,4.0,1.0,0.0,2.0,39.0,3.0,1,0
40.0,0.0,9.0,349148.0,0.0,31.0,11.0,4.0,4.0,1.0,0.0,2.0,39.0,3.0,1,0
60.0,0.0,10.0,35429.0,0.0,36.0,15.0,4.0,4.0,1.0,0.0,2.0,39.0,4.0,0,1
99.0,0.0,10.0,184425.0,0.0,55.0,15.0,4.0,6.0,1.0,0.0,2.0,39.0,5.0,1,0
46.0,0.0,9.0,471990.0,0.0,46.0,11.0,2.0,4.0,1.0,0.0,2.0,39.0,14.0,1,0
40.0,0.0,10.0,231413.0,0.0,30.0,15.0,4.0,4.0,1.0,0.0,2.0,39.0,3.0,1,0
40.0,0.0,9.0,190786.0,0.0,43.0,11.0,4.0,4.0,1.0,0.0,2.0,39.0,8.0,1,0
25.0,0.0,10.0,157778.0,0.0,30.0,15.0,4.0,4.0,1.0,0.0,2.0,39.0,10.0,1,0
40.0,0.0,8.0,34377.0,0.0,49.0,2.0,4.0,4.0,1.0,0.0,2.0,39.0,3.0,1,0
45.0,0.0,13.0,37672.0,0.0,47.0,9.0,4.0,2.0,0.0,5.0,2.0,39.0,10.0,0,1
40.0,0.0,13.0,122353.0,0.0,39.0,9.0,4.0,6.0,1.0,0.0,2.0,39.0,4.0,0,1
40.0,0.0,9.0,154374.0,0.0,40.0,11.0,4.0,4.0,1.0,0.0,2.0,39.0,7.0,1,0
30.0,0.0,13.0,86150.0,0.0,37.0,9.0,1.0,4.0,0.0,5.0,2.0,39.0,8.0,1,0
40.0,0.0,13.0,150393.0,0.0,52.0,9.0,4.0,4.0,1.0,0.0,2.0,39.0,7.0,1,0
40.0,0.0,9.0,132686.0,0.0,28.0,11.0,4.0,4.0,1.0,0.0,2.0,39.0,6.0,1,0
60.0,0.0,9.0,145636.0,0.0,48.0,11.0,4.0,4.0,1.0,0.0,2.0,39.0,7.0,1,0
65.0,0.0,15.0,221915.0,0.0,54.0,14.0,4.0,4.0,0.0,2.0,4.0,39.0,10.0,0,1
25.0,0.0,13.0,170166.0,0.0,55.0,9.0,4.0,6.0,0.0,5.0,2.0,39.0,4.0,0,1
60.0,0.0,9.0,213179.0,0.0,31.0,11.0,4.0,4.0,1.0,0.0,2.0,39.0,14.0,1,0
40.0,0.0,11.0,255822.0,0.0,58.0,8.0,4.0,4.0,1.0,0.0,2.0,39.0,3.0,1,0
40.0,0.0,14.0,100882.0,0.0,33.0,12.0,4.0,4.0,1.0,1.0,4.0,39.0,4.0,1,0
40.0,0.0,5.0,30673.0,0.0,39.0,6.0,4.0,1.0,1.0,0.0,2.0,39.0,7.0,1,0
45.0,0.0,13.0,84402.0,0.0,46.0,9.0,4.0,4.0,1.0,1.0,0.0,39.0,10.0,1,0
40.0,0.0,9.0,98738.0,0.0,49.0,11.0,4.0,2.0,1.0,0.0,2.0,39.0,3.0,1,0
50.0,0.0,5.0,199995.0,0.0,51.0,6.0,4.0,4.0,1.0,0.0,2.0,39.0,3.0,1,0
50.0,0.0,14.0,37314.0,0.0,39.0,12.0,4.0,4.0,1.0,1.0,4.0,39.0,4.0,1,0
20.0,0.0,11.0,84979.0,0.0,79.0,8.0,4.0,6.0,1.0,0.0,2.0,39.0,12.0,1,0
55.0,0.0,13.0,188774.0,0.0,37.0,9.0,4.0,6.0,1.0,1.0,4.0,39.0,11.0,1,0
50.0,0.0,9.0,233511.0,0.0,48.0,11.0,4.0,4.0,1.0,0.0,2.0,39.0,14.0,1,0
40.0,0.0,13.0,150570.0,0.0,33.0,9.0,4.0,4.0,1.0,0.0,2.0,39.0,12.0,0,1
40.0,0.0,14.0,176716.0,0.0,42.0,12.0,4.0,4.0,1.0,1.0,4.0,39.0,4.0,1,0
40.0,0.0,9.0,119033.0,0.0,32.0,11.0,4.0,7.0,1.0,0.0,2.0,39.0,14.0,1,0
40.0,0.0,10.0,461337.0,0.0,36.0,15.0,4.0,4.0,0.0,5.0,2.0,39.0,1.0,0,1
45.0,0.0,10.0,351869.0,1485.0,32.0,15.0,4.0,4.0,1.0,0.0,2.0,39.0,14.0,1,0
35.0,0.0,16.0,62546.0,0.0,46.0,10.0,4.0,5.0,1.0,1.0,5.0,39.0,10.0,0,1
40.0,0.0,14.0,30840.0,0.0,47.0,12.0,4.0,4.0,1.0,1.0,0.0,39.0,10.0,1,0
40.0,0.0,9.0,229272.0,0.0,50.0,11.0,2.0,7.0,1.0,0.0,2.0,39.0,3.0,1,0
40.0,0.0,11.0,99127.0,0.0,47.0,8.0,4.0,0.0,1.0,0.0,2.0,39.0,0.0,1,0
40.0,0.0,9.0,48915.0,0.0,39.0,11.0,4.0,4.0,1.0,0.0,2.0,39.0,7.0,1,0
35.0,0.0,10.0,208452.0,0.0,65.0,15.0,4.0,5.0,1.0,0.0,2.0,39.0,12.0,1,0
45.0,0.0,12.0,185385.0,0.0,49.0,7.0,4.0,4.0,1.0,0.0,2.0,39.0,12.0,0,1
40.0,0.0,13.0,202033.0,0.0,26.0,9.0,4.0,4.0,1.0,0.0,2.0,39.0,14.0,1,0
40.0,0.0,9.0,126060.0,0.0,29.0,11.0,4.0,4.0,0.0,5.0,2.0,39.0,12.0,1,0
46.0,0.0,14.0,159589.0,0.0,30.0,12.0,4.0,0.0,1.0,0.0,2.0,39.0,0.0,1,0
40.0,0.0,9.0,271828.0,0.0,46.0,11.0,4.0,4.0,1.0,0.0,2.0,39.0,3.0,1,0
40.0,0.0,9.0,178983.0,0.0,41.0,11.0,4.0,4.0,0.0,5.0,2.0,39.0,1.0,0,1
60.0,0.0,9.0,193042.0,0.0,33.0,11.0,4.0,4.0,1.0,0.0,2.0,39.0,14.0,1,0
40.0,0.0,13.0,107218.0,0.0,44.0,9.0,1.0,4.0,1.0,0.0,2.0,39.0,4.0,0,1
50.0,0.0,10.0,246891.0,0.0,48.0,15.0,4.0,4.0,1.0,4.0,6.0,39.0,12.0,1,0
40.0,0.0,6.0,97168.0,0.0,59.0,0.0,4.0,4.0,1.0,0.0,2.0,39.0,3.0,1,0
40.0,0.0,10.0,186145.0,0.0,38.0,15.0,4.0,4.0,0.0,5.0,2.0,39.0,12.0,1,0
40.0,0.0,9.0,106023.0,0.0,63.0,11.0,4.0,4.0,1.0,0.0,2.0,39.0,3.0,1,0
40.0,0.0,10.0,209808.0,0.0,34.0,15.0,4.0,4.0,1.0,0.0,2.0,39.0,1.0,1,0
60.0,0.0,11.0,267205.0,0.0,47.0,8.0,4.0,4.0,1.0,0.0,2.0,0.0,3.0,1,0
60.0,0.0,9.0,200089.0,0.0,24.0,11.0,4.0,4.0,1.0,0.0,2.0,26.0,3.0,1,0
40.0,0.0,9.0,117683.0,0.0,39.0,11.0,4.0,4.0,1.0,0.0,2.0,39.0,14.0,1,0
70.0,0.0,13.0,342635.0,0.0,38.0,9.0,4.0,6.0,1.0,0.0,2.0,39.0,10.0,0,1
40.0,0.0,13.0,183390.0,0.0,50.0,9.0,4.0,2.0,1.0,1.0,5.0,39.0,10.0,1,0
55.0,0.0,9.0,130057.0,0.0,32.0,11.0,4.0,4.0,1.0,0.0,2.0,39.0,12.0,1,0
40.0,0.0,9.0,206139.0,0.0,41.0,11.0,4.0,4.0,1.0,0.0,2.0,39.0,12.0,1,0
50.0,0.0,13.0,176683.0,0.0,29.0,9.0,4.0,4.0,1.0,1.0,4.0,39.0,12.0,1,0
40.0,0.0,9.0,177727.0,0.0,53.0,11.0,4.0,4.0,1.0,0.0,2.0,39.0,7.0,1,0
42.0,0.0,9.0,149909.0,0.0,43.0,11.0,4.0,4.0,1.0,0.0,2.0,39.0,3.0,1,0
40.0,0.0,13.0,182028.0,0.0,57.0,9.0,4.0,4.0,0.0,5.0,2.0,39.0,4.0,0,1
40.0,0.0,9.0,92733.0,0.0,41.0,11.0,4.0,4.0,1.0,0.0,2.0,39.0,3.0,1,0
60.0,0.0,13.0,267101.0,0.0,63.0,9.0,4.0,5.0,1.0,0.0,2.0,39.0,4.0,0,1
55.0,0.0,10.0,64980.0,0.0,40.0,15.0,2.0,4.0,1.0,0.0,2.0,39.0,1.0,1,0
40.0,0.0,9.0,441637.0,0.0,51.0,11.0,4.0,4.0,1.0,0.0,2.0,39.0,13.0,0,1
30.0,0.0,13.0,120131.0,0.0,46.0,9.0,4.0,4.0,1.0,0.0,2.0,39.0,8.0,1,0
40.0,0.0,10.0,46401.0,0.0,51.0,15.0,4.0,6.0,0.0,5.0,2.0,39.0,10.0,1,0
40.0,0.0,14.0,173944.0,0.0,28.0,12.0,4.0,4.0,1.0,0.0,2.0,39.0,10.0,1,0
99.0,0.0,11.0,183304.0,0.0,32.0,8.0,4.0,4.0,1.0,0.0,2.0,39.0,14.0,1,0
60.0,0.0,11.0,27408.0,0.0,36.0,8.0,4.0,5.0,1.0,0.0,2.0,39.0,12.0,0,1
45.0,0.0,9.0,232308.0,0.0,61.0,11.0,4.0,4.0,1.0,0.0,2.0,39.0,14.0,1,0
40.0,0.0,13.0,288020.0,0.0,53.0,9.0,1.0,4.0,1.0,0.0,2.0,24.0,10.0,0,1
40.0,0.0,10.0,267859.0,0.0,33.0,15.0,4.0,4.0,1.0,0.0,2.0,5.0,4.0,1,0
43.0,0.0,9.0,32212.0,0.0,49.0,11.0,4.0,4.0,0.0,5.0,2.0,39.0,4.0,0,1
40.0,0.0,10.0,174018.0,0.0,63.0,15.0,2.0,4.0,1.0,0.0,2.0,39.0,12.0,1,0
40.0,0.0,10.0,108542.0,0.0,26.0,15.0,4.0,4.0,1.0,0.0,2.0,39.0,1.0,1,0
40.0,0.0,11.0,198841.0,0.0,37.0,8.0,4.0,4.0,1.0,0.0,2.0,39.0,3.0,1,0
38.0,0.0,13.0,176839.0,0.0,62.0,9.0,4.0,4.0,1.0,0.0,2.0,39.0,13.0,0,1
45.0,0.0,13.0,31023.0,0.0,35.0,9.0,4.0,4.0,1.0,0.0,2.0,39.0,12.0,0,1
40.0,0.0,12.0,213214.0,0.0,42.0,7.0,4.0,4.0,1.0,0.0,2.0,39.0,12.0,0,1
50.0,0.0,10.0,72896.0,0.0,46.0,15.0,4.0,4.0,1.0,0.0,2.0,39.0,4.0,0,1
40.0,0.0,12.0,202872.0,0.0,44.0,7.0,4.0,4.0,0.0,1.0,0.0,39.0,10.0,1,0
40.0,0.0,10.0,124569.0,0.0,31.0,15.0,4.0,4.0,0.0,5.0,2.0,39.0,1.0,1,0
40.0,0.0,13.0,110188.0,0.0,35.0,9.0,1.0,1.0,1.0,0.0,2.0,40.0,10.0,0,1
40.0,0.0,10.0,133669.0,0.0,49.0,15.0,4.0,4.0,1.0,0.0,2.0,39.0,1.0,1,0
60.0,0.0,9.0,168538.0,0.0,40.0,11.0,4.0,4.0,1.0,0.0,2.0,39.0,12.0,1,0
50.0,3103.0,14.0,167081.0,0.0,40.0,12.0,4.0,6.0,1.0,0.0,2.0,39.0,12.0,0,1
50.0,0.0,5.0,214502.0,0.0,58.0,6.0,4.0,4.0,1.0,0.0,2.0,39.0,6.0,1,0
40.0,0.0,9.0,510072.0,0.0,42.0,11.0,4.0,4.0,1.0,0.0,2.0,39.0,3.0,1,0
40.0,0.0,9.0,268234.0,0.0,49.0,11.0,4.0,2.0,1.0,0.0,2.0,39.0,11.0,1,0
50.0,0.0,9.0,243660.0,0.0,29.0,11.0,4.0,4.0,1.0,0.0,2.0,39.0,7.0,1,0
60.0,0.0,11.0,152369.0,0.0,60.0,8.0,4.0,4.0,1.0,0.0,2.0,39.0,3.0,0,1
60.0,0.0,10.0,157749.0,0.0,56.0,15.0,4.0,4.0,1.0,0.0,2.0,39.0,5.0,1,0
30.0,0.0,9.0,182460.0,0.0,59.0,11.0,4.0,4.0,1.0,0.0,2.0,39.0,4.0,1,0
40.0,0.0,11.0,198170.0,0.0,38.0,8.0,4.0,4.0,1.0,0.0,2.0,39.0,12.0,0,1
60.0,0.0,14.0,141118.0,0.0,34.0,12.0,4.0,4.0,0.0,3.0,0.0,39.0,10.0,1,0
40.0,0.0,6.0,199599.0,0.0,40.0,0.0,4.0,4.0,1.0,0.0,2.0,39.0,4.0,1,0
40.0,0.0,16.0,95165.0,0.0,59.0,10.0,4.0,4.0,1.0,0.0,2.0,39.0,12.0,0,1
55.0,0.0,10.0,72257.0,0.0,53.0,15.0,4.0,4.0,1.0,0.0,2.0,39.0,4.0,0,1
45.0,0.0,13.0,353396.0,0.0,44.0,9.0,4.0,4.0,1.0,0.0,2.0,39.0,10.0,0,1
45.0,0.0,12.0,410034.0,0.0,36.0,7.0,4.0,4.0,1.0,0.0,2.0,39.0,3.0,0,1
40.0,0.0,9.0,104879.0,0.0,53.0,11.0,4.0,4.0,1.0,0.0,2.0,39.0,13.0,1,0
40.0,0.0,9.0,41504.0,0.0,48.0,11.0,4.0,4.0,1.0,0.0,2.0,39.0,14.0,1,0
40.0,0.0,11.0,155106.0,0.0,43.0,8.0,4.0,2.0,1.0,0.0,2.0,39.0,4.0,0,1
40.0,0.0,9.0,56841.0,0.0,45.0,11.0,4.0,2.0,1.0,0.0,2.0,39.0,3.0,1,0
40.0,0.0,13.0,199806.0,0.0,43.0,9.0,4.0,7.0,1.0,0.0,2.0,39.0,1.0,1,0
45.0,0.0,9.0,228320.0,0.0,44.0,11.0,4.0,4.0,1.0,0.0,2.0,39.0,13.0,1,0
50.0,0.0,10.0,83953.0,0.0,40.0,15.0,4.0,4.0,1.0,0.0,2.0,39.0,14.0,1,0
65.0,0.0,10.0,157887.0,0.0,31.0,15.0,4.0,4.0,1.0,0.0,2.0,39.0,4.0,1,0
60.0,0.0,9.0,56026.0,0.0,34.0,11.0,4.0,4.0,1.0,0.0,2.0,39.0,5.0,1,0
40.0,0.0,13.0,209184.0,0.0,32.0,9.0,3.0,4.0,1.0,0.0,2.0,33.0,12.0,0,1
50.0,0.0,13.0,198660.0,0.0,33.0,9.0,4.0,4.0,1.0,0.0,2.0,39.0,12.0,0,1
45.0,0.0,9.0,247695.0,0.0,42.0,11.0,4.0,4.0,1.0,0.0,2.0,39.0,7.0,1,0
35.0,0.0,10.0,171615.0,0.0,40.0,15.0,4.0,6.0,1.0,1.0,4.0,39.0,3.0,1,0
40.0,0.0,10.0,179877.0,0.0,34.0,15.0,4.0,4.0,1.0,0.0,2.0,39.0,7.0,1,0
60.0,0.0,11.0,270565.0,0.0,46.0,8.0,4.0,4.0,1.0,0.0,2.0,39.0,10.0,0,1
40.0,0.0,9.0,114459.0,0.0,47.0,11.0,4.0,4.0,1.0,0.0,2.0,39.0,12.0,1,0
40.0,0.0,10.0,142712.0,0.0,29.0,15.0,4.0,1.0,1.0,0.0,2.0,39.0,1.0,1,0
55.0,0.0,9.0,202450.0,0.0,34.0,11.0,4.0,4.0,1.0,0.0,2.0,39.0,3.0,1,0
40.0,0.0,11.0,198493.0,0.0,29.0,8.0,4.0,7.0,1.0,0.0,2.0,39.0,11.0,1,0
40.0,0.0,13.0,80445.0,0.0,55.0,9.0,4.0,4.0,1.0,0.0,2.0,39.0,3.0,0,1
40.0,0.0,14.0,43348.0,0.0,49.0,12.0,4.0,4.0,1.0,1.0,4.0,39.0,10.0,1,0
40.0,0.0,10.0,189916.0,0.0,38.0,15.0,4.0,4.0,0.0,5.0,2.0,39.0,12.0,0,1
32.0,0.0,10.0,127768.0,0.0,22.0,15.0,4.0,4.0,1.0,3.0,4.0,39.0,8.0,1,0
20.0,0.0,9.0,192755.0,0.0,47.0,11.0,4.0,6.0,0.0,5.0,2.0,39.0,7.0,1,0
40.0,0.0,13.0,270572.0,0.0,35.0,9.0,4.0,4.0,0.0,1.0,0.0,39.0,10.0,1,0
48.0,0.0,9.0,222020.0,0.0,50.0,11.0,4.0,1.0,1.0,0.0,2.0,39.0,1.0,0,1
45.0,0.0,9.0,209642.0,0.0,52.0,11.0,4.0,6.0,1.0,0.0,2.0,39.0,4.0,1,0
20.0,0.0,9.0,174090.0,0.0,43.0,11.0,4.0,6.0,0.0,5.0,2.0,39.0,1.0,1,0
40.0,0.0,10.0,27142.0,0.0,25.0,15.0,4.0,1.0,1.0,0.0,2.0,39.0,4.0,1,0
45.0,0.0,10.0,162410.0,0.0,45.0,15.0,4.0,1.0,0.0,1.0,6.0,39.0,13.0,1,0
40.0,0.0,13.0,110238.0,0.0,56.0,9.0,4.0,6.0,0.0,1.0,3.0,39.0,10.0,1,0
40.0,0.0,9.0,167711.0,0.0,66.0,11.0,4.0,4.0,0.0,1.0,6.0,39.0,12.0,1,0
40.0,0.0,9.0,358886.0,0.0,45.0,11.0,4.0,4.0,1.0,0.0,2.0,39.0,14.0,1,0
55.0,0.0,10.0,111377.0,0.0,38.0,15.0,4.0,4.0,1.0,0.0,2.0,39.0,4.0,0,1
50.0,0.0,10.0,265535.0,0.0,35.0,15.0,2.0,4.0,1.0,0.0,2.0,23.0,3.0,1,0
60.0,0.0,10.0,38707.0,0.0,23.0,15.0,4.0,4.0,1.0,0.0,2.0,39.0,14.0,1,0
60.0,0.0,9.0,28197.0,0.0,69.0,11.0,4.0,0.0,1.0,0.0,2.0,39.0,0.0,1,0
60.0,0.0,10.0,184378.0,0.0,40.0,15.0,4.0,4.0,1.0,0.0,2.0,33.0,12.0,0,1
56.0,0.0,13.0,156728.0,0.0,38.0,9.0,4.0,4.0,1.0,0.0,2.0,39.0,1.0,0,1
40.0,0.0,10.0,44368.0,0.0,50.0,15.0,4.0,4.0,1.0,0.0,2.0,39.0,4.0,0,1
45.0,0.0,10.0,173992.0,0.0,26.0,15.0,4.0,4.0,1.0,0.0,2.0,39.0,3.0,1,0
40.0,0.0,10.0,226443.0,0.0,34.0,15.0,4.0,2.0,1.0,0.0,2.0,39.0,11.0,1,0
40.0,0.0,13.0,160574.0,0.0,43.0,9.0,4.0,2.0,1.0,0.0,2.0,39.0,3.0,0,1
70.0,0.0,9.0,34180.0,0.0,36.0,11.0,4.0,6.0,1.0,1.0,4.0,39.0,5.0,1,0
40.0,0.0,10.0,154076.0,0.0,43.0,15.0,4.0,4.0,1.0,0.0,2.0,39.0,6.0,1,0
45.0,0.0,10.0,120939.0,0.0,47.0,15.0,4.0,4.0,1.0,0.0,2.0,39.0,13.0,0,1
45.0,0.0,9.0,345705.0,0.0,34.0,11.0,4.0,6.0,1.0,1.0,4.0,39.0,3.0,1,0
45.0,0.0,6.0,144949.0,0.0,34.0,0.0,4.0,4.0,1.0,0.0,2.0,39.0,3.0,1,0
40.0,0.0,11.0,37438.0,0.0,55.0,8.0,4.0,4.0,1.0,0.0,2.0,39.0,3.0,1,0
55.0,0.0,11.0,32916.0,0.0,38.0,8.0,4.0,4.0,1.0,0.0,2.0,39.0,3.0,1,0
40.0,0.0,9.0,211494.0,0.0,37.0,11.0,4.0,4.0,1.0,0.0,2.0,39.0,13.0,1,0
60.0,0.0,10.0,222216.0,0.0,57.0,15.0,4.0,6.0,0.0,5.0,2.0,39.0,4.0,0,1
40.0,0.0,9.0,85604.0,0.0,44.0,11.0,4.0,4.0,1.0,1.0,0.0,39.0,3.0,1,0
40.0,0.0,10.0,55272.0,0.0,47.0,15.0,4.0,7.0,1.0,0.0,2.0,39.0,3.0,1,0
50.0,0.0,10.0,392694.0,0.0,61.0,15.0,4.0,6.0,1.0,1.0,0.0,39.0,4.0,1,0
40.0,0.0,13.0,75478.0,0.0,62.0,9.0,4.0,6.0,1.0,0.0,2.0,39.0,4.0,0,1
40.0,0.0,13.0,188246.0,0.0,33.0,9.0,4.0,4.0,1.0,0.0,2.0,39.0,4.0,0,1
90.0,0.0,16.0,150309.0,0.0,31.0,10.0,4.0,4.0,0.0,5.0,2.0,39.0,10.0,0,1
45.0,0.0,13.0,85341.0,0.0,48.0,9.0,4.0,2.0,1.0,0.0,2.0,39.0,10.0,0,1
40.0,0.0,14.0,168001.0,0.0,52.0,12.0,4.0,4.0,0.0,1.0,0.0,39.0,10.0,1,0
40.0,0.0,10.0,201965.0,0.0,60.0,15.0,4.0,4.0,1.0,4.0,4.0,39.0,10.0,1,0
40.0,0.0,10.0,26721.0,0.0,60.0,15.0,4.0,4.0,1.0,0.0,2.0,39.0,3.0,0,1
40.0,0.0,9.0,372181.0,0.0,58.0,11.0,4.0,4.0,0.0,4.0,0.0,39.0,12.0,1,0
50.0,0.0,13.0,301802.0,0.0,45.0,9.0,4.0,4.0,1.0,0.0,2.0,39.0,14.0,1,0
40.0,0.0,10.0,360743.0,0.0,37.0,15.0,2.0,4.0,1.0,0.0,2.0,39.0,6.0,1,0
50.0,0.0,10.0,242361.0,0.0,34.0,15.0,2.0,4.0,1.0,0.0,2.0,39.0,10.0,0,1
60.0,0.0,4.0,137428.0,0.0,53.0,5.0,4.0,4.0,1.0,0.0,2.0,39.0,14.0,1,0
40.0,4386.0,14.0,120724.0,0.0,45.0,12.0,4.0,4.0,1.0,0.0,2.0,39.0,4.0,0,1
50.0,0.0,9.0,67072.0,0.0,33.0,11.0,4.0,4.0,1.0,0.0,2.0,39.0,12.0,1,0
45.0,0.0,9.0,160731.0,0.0,29.0,11.0,4.0,4.0,1.0,0.0,2.0,39.0,3.0,1,0
40.0,0.0,13.0,102938.0,0.0,38.0,9.0,4.0,4.0,1.0,0.0,2.0,39.0,3.0,0,1
40.0,0.0,10.0,247483.0,0.0,62.0,15.0,4.0,4.0,1.0,0.0,2.0,39.0,12.0,1,0
40.0,0.0,11.0,331395.0,0.0,36.0,8.0,4.0,4.0,1.0,0.0,2.0,39.0,4.0,0,1
50.0,0.0,7.0,210295.0,0.0,28.0,1.0,4.0,5.0,1.0,0.0,2.0,39.0,3.0,1,0
40.0,0.0,9.0,138026.0,0.0,54.0,11.0,4.0,4.0,0.0,5.0,2.0,39.0,1.0,0,1
35.0,0.0,9.0,84409.0,0.0,61.0,11.0,4.0,5.0,1.0,0.0,2.0,39.0,4.0,1,0
40.0,0.0,9.0,29658.0,0.0,52.0,11.0,4.0,4.0,1.0,0.0,2.0,39.0,1.0,0,1
45.0,0.0,16.0,126161.0,0.0,39.0,10.0,4.0,4.0,1.0,1.0,4.0,39.0,10.0,0,1
50.0,0.0,10.0,386370.0,0.0,34.0,15.0,4.0,4.0,1.0,0.0,2.0,39.0,3.0,0,1
60.0,0.0,13.0,136331.0,0.0,34.0,9.0,4.0,2.0,1.0,0.0,2.0,39.0,10.0,0,1
48.0,0.0,10.0,318046.0,0.0,41.0,15.0,4.0,4.0,1.0,0.0,2.0,39.0,14.0,1,0
40.0,0.0,13.0,206253.0,0.0,39.0,9.0,4.0,5.0,0.0,5.0,2.0,39.0,10.0,0,1
40.0,0.0,10.0,247383.0,0.0,70.0,15.0,4.0,5.0,1.0,0.0,2.0,39.0,4.0,1,0
50.0,0.0,10.0,234743.0,0.0,66.0,15.0,4.0,4.0,1.0,0.0,2.0,39.0,4.0,0,1
60.0,0.0,13.0,121055.0,0.0,42.0,9.0,4.0,4.0,1.0,0.0,2.0,39.0,12.0,0,1
40.0,0.0,14.0,170108.0,0.0,40.0,12.0,4.0,4.0,1.0,0.0,2.0,39.0,10.0,0,1
40.0,0.0,13.0,365986.0,0.0,40.0,9.0,4.0,4.0,1.0,3.0,2.0,39.0,6.0,1,0
45.0,0.0,10.0,93318.0,0.0,65.0,15.0,4.0,4.0,0.0,5.0,2.0,39.0,4.0,0,1
45.0,0.0,13.0,114544.0,0.0,39.0,9.0,4.0,4.0,1.0,1.0,0.0,39.0,4.0,1,0
44.0,0.0,10.0,225605.0,0.0,38.0,15.0,4.0,2.0,1.0,0.0,2.0,39.0,10.0,0,1
40.0,0.0,11.0,119098.0,0.0,39.0,8.0,4.0,4.0,1.0,0.0,2.0,39.0,4.0,0,1
48.0,0.0,15.0,320194.0,0.0,34.0,14.0,4.0,6.0,1.0,4.0,5.0,39.0,10.0,1,0
50.0,0.0,10.0,175109.0,0.0,49.0,15.0,4.0,7.0,1.0,0.0,2.0,39.0,10.0,1,0
40.0,0.0,13.0,227890.0,1485.0,42.0,9.0,4.0,2.0,1.0,0.0,2.0,39.0,4.0,0,1
40.0,0.0,10.0,194698.0,0.0,45.0,15.0,4.0,4.0,1.0,0.0,2.0,39.0,3.0,1,0
40.0,0.0,10.0,187127.0,0.0,39.0,15.0,4.0,2.0,1.0,0.0,2.0,39.0,4.0,0,1
40.0,0.0,13.0,110622.0,0.0,39.0,9.0,1.0,1.0,0.0,5.0,2.0,30.0,1.0,0,1
40.0,0.0,9.0,113364.0,0.0,31.0,11.0,4.0,4.0,1.0,0.0,2.0,39.0,3.0,1,0
50.0,0.0,8.0,120724.0,0.0,48.0,2.0,4.0,4.0,1.0,0.0,2.0,39.0,4.0,0,1
40.0,0.0,10.0,326691.0,0.0,65.0,15.0,2.0,7.0,1.0,0.0,2.0,39.0,7.0,1,0
45.0,0.0,13.0,182437.0,0.0,43.0,9.0,4.0,4.0,1.0,1.0,4.0,39.0,10.0,1,0
40.0,0.0,9.0,27037.0,0.0,60.0,11.0,0.0,7.0,1.0,0.0,2.0,39.0,11.0,1,0
40.0,0.0,9.0,269015.0,0.0,43.0,11.0,2.0,4.0,1.0,0.0,2.0,11.0,7.0,1,0
40.0,0.0,13.0,40925.0,0.0,58.0,9.0,4.0,7.0,1.0,0.0,2.0,39.0,4.0,0,1
40.0,0.0,10.0,191858.0,0.0,48.0,15.0,4.0,4.0,1.0,0.0,2.0,39.0,3.0,0,1
40.0,0.0,7.0,138944.0,0.0,52.0,1.0,4.0,4.0,1.0,0.0,2.0,39.0,3.0,1,0
25.0,0.0,15.0,182470.0,0.0,66.0,14.0,4.0,6.0,1.0,0.0,2.0,39.0,10.0,1,0
9.0,0.0,15.0,219661.0,0.0,64.0,14.0,4.0,6.0,1.0,0.0,2.0,39.0,10.0,1,0
40.0,0.0,9.0,108914.0,0.0,52.0,11.0,4.0,4.0,1.0,0.0,2.0,39.0,12.0,1,0
40.0,0.0,12.0,150499.0,0.0,46.0,7.0,4.0,4.0,1.0,0.0,2.0,39.0,3.0,0,1
40.0,0.0,6.0,120970.0,0.0,55.0,0.0,2.0,4.0,1.0,0.0,2.0,39.0,3.0,1,0
40.0,0.0,10.0,106982.0,0.0,41.0,15.0,4.0,1.0,0.0,4.0,0.0,39.0,10.0,1,0
40.0,0.0,11.0,57452.0,0.0,46.0,8.0,4.0,6.0,1.0,0.0,2.0,39.0,3.0,1,0
40.0,0.0,10.0,330901.0,0.0,46.0,15.0,2.0,1.0,1.0,0.0,2.0,39.0,4.0,0,1
40.0,0.0,10.0,338283.0,0.0,50.0,15.0,4.0,4.0,1.0,0.0,2.0,39.0,3.0,1,0
40.0,0.0,13.0,252519.0,0.0,43.0,9.0,2.0,4.0,1.0,0.0,2.0,14.0,6.0,1,0
55.0,0.0,13.0,246011.0,0.0,42.0,9.0,4.0,4.0,0.0,5.0,2.0,39.0,10.0,0,1
60.0,0.0,9.0,67433.0,0.0,55.0,11.0,4.0,5.0,1.0,0.0,2.0,39.0,4.0,0,1
44.0,0.0,10.0,208277.0,0.0,40.0,15.0,4.0,4.0,0.0,3.0,0.0,39.0,1.0,1,0
40.0,0.0,9.0,177304.0,0.0,30.0,11.0,4.0,4.0,1.0,0.0,2.0,39.0,13.0,1,0
50.0,0.0,9.0,447346.0,0.0,36.0,11.0,4.0,4.0,1.0,0.0,2.0,39.0,12.0,1,0
56.0,0.0,13.0,38563.0,0.0,49.0,9.0,4.0,4.0,0.0,1.0,4.0,39.0,4.0,1,0
40.0,0.0,13.0,88991.0,0.0,90.0,9.0,4.0,4.0,0.0,5.0,2.0,9.0,4.0,1,0
40.0,0.0,10.0,174102.0,0.0,54.0,15.0,4.0,4.0,1.0,1.0,4.0,39.0,4.0,1,0
36.0,0.0,10.0,204470.0,0.0,30.0,15.0,4.0,5.0,1.0,0.0,2.0,39.0,4.0,1,0
58.0,0.0,13.0,154374.0,0.0,42.0,9.0,4.0,4.0,1.0,0.0,2.0,39.0,14.0,0,1
50.0,0.0,10.0,186213.0,0.0,24.0,15.0,4.0,4.0,1.0,0.0,2.0,39.0,13.0,1,0
50.0,0.0,13.0,343957.0,0.0,58.0,9.0,4.0,4.0,1.0,1.0,0.0,39.0,12.0,0,1
40.0,0.0,11.0,101110.0,0.0,60.0,8.0,4.0,2.0,1.0,4.0,0.0,39.0,10.0,1,0
60.0,0.0,10.0,400004.0,0.0,50.0,15.0,4.0,4.0,1.0,0.0,2.0,39.0,12.0,0,1
40.0,0.0,9.0,168475.0,0.0,37.0,11.0,4.0,4.0,1.0,0.0,2.0,39.0,4.0,1,0
55.0,0.0,10.0,129497.0,0.0,32.0,15.0,4.0,6.0,1.0,0.0,2.0,39.0,3.0,1,0
45.0,0.0,13.0,152237.0,0.0,38.0,9.0,4.0,4.0,1.0,1.0,4.0,0.0,12.0,1,0
40.0,0.0,6.0,198316.0,0.0,40.0,0.0,4.0,4.0,1.0,0.0,2.0,39.0,4.0,1,0
55.0,0.0,9.0,156728.0,0.0,47.0,11.0,4.0,5.0,1.0,0.0,2.0,39.0,12.0,0,1
40.0,0.0,6.0,171484.0,0.0,44.0,0.0,4.0,4.0,1.0,0.0,2.0,39.0,7.0,1,0
35.0,0.0,11.0,160646.0,0.0,47.0,8.0,4.0,1.0,0.0,5.0,2.0,39.0,1.0,0,1
40.0,0.0,13.0,199416.0,0.0,32.0,9.0,4.0,4.0,1.0,0.0,2.0,39.0,10.0,0,1
28.0,0.0,9.0,105728.0,0.0,53.0,11.0,0.0,7.0,0.0,5.0,2.0,39.0,8.0,1,0
50.0,0.0,14.0,116666.0,0.0,30.0,12.0,1.0,6.0,1.0,1.0,0.0,19.0,10.0,1,0
40.0,0.0,10.0,184007.0,0.0,50.0,15.0,4.0,1.0,1.0,0.0,2.0,39.0,1.0,0,1
60.0,0.0,10.0,204816.0,0.0,58.0,15.0,4.0,6.0,1.0,0.0,2.0,39.0,4.0,1,0
40.0,0.0,11.0,225860.0,0.0,35.0,8.0,4.0,4.0,1.0,0.0,2.0,39.0,3.0,1,0
50.0,0.0,14.0,211128.0,0.0,43.0,12.0,4.0,4.0,0.0,1.0,0.0,39.0,4.0,1,0
40.0,0.0,10.0,350440.0,0.0,48.0,15.0,1.0,4.0,1.0,2.0,2.0,1.0,3.0,1,0
38.0,0.0,10.0,181344.0,0.0,44.0,15.0,2.0,2.0,1.0,0.0,2.0,39.0,4.0,1,0
34.0,0.0,15.0,50468.0,0.0,69.0,14.0,4.0,7.0,1.0,0.0,2.0,39.0,1.0,1,0
60.0,0.0,9.0,143058.0,0.0,35.0,11.0,4.0,4.0,1.0,0.0,2.0,39.0,7.0,1,0
40.0,0.0,13.0,99065.0,0.0,39.0,9.0,4.0,4.0,0.0,5.0,2.0,31.0,6.0,1,0
30.0,0.0,14.0,33213.0,0.0,76.0,12.0,4.0,6.0,1.0,0.0,2.0,0.0,10.0,1,0
40.0,0.0,10.0,129379.0,0.0,60.0,15.0,4.0,1.0,1.0,0.0,2.0,39.0,13.0,0,1
40.0,0.0,9.0,69884.0,0.0,57.0,11.0,4.0,4.0,1.0,0.0,2.0,39.0,12.0,1,0
30.0,0.0,3.0,131852.0,0.0,60.0,4.0,4.0,0.0,1.0,0.0,2.0,39.0,0.0,1,0
40.0,0.0,9.0,548303.0,0.0,21.0,11.0,4.0,4.0,1.0,3.0,2.0,26.0,10.0,1,0
37.0,0.0,10.0,156580.0,0.0,42.0,15.0,4.0,4.0,0.0,5.0,2.0,39.0,7.0,1,0
40.0,0.0,13.0,85566.0,0.0,39.0,9.0,4.0,7.0,1.0,0.0,2.0,39.0,10.0,0,1
40.0,4386.0,9.0,110554.0,0.0,31.0,11.0,4.0,4.0,0.0,5.0,2.0,39.0,7.0,1,0
40.0,0.0,12.0,147256.0,0.0,29.0,7.0,2.0,7.0,1.0,1.0,4.0,39.0,10.0,1,0
40.0,0.0,9.0,179781.0,0.0,56.0,11.0,4.0,4.0,1.0,0.0,2.0,39.0,4.0,1,0
40.0,0.0,12.0,243872.0,0.0,39.0,7.0,4.0,1.0,1.0,1.0,4.0,39.0,10.0,1,0
40.0,0.0,9.0,37931.0,0.0,38.0,11.0,4.0,2.0,1.0,0.0,2.0,39.0,11.0,1,0
50.0,0.0,14.0,37937.0,0.0,43.0,12.0,4.0,4.0,1.0,4.0,0.0,39.0,4.0,0,1
40.0,0.0,11.0,205153.0,0.0,41.0,8.0,4.0,4.0,1.0,0.0,2.0,39.0,4.0,0,1
50.0,0.0,9.0,136419.0,0.0,42.0,11.0,4.0,4.0,1.0,0.0,2.0,39.0,3.0,1,0
33.0,0.0,10.0,268620.0,0.0,36.0,15.0,4.0,4.0,0.0,5.0,2.0,39.0,4.0,0,1
40.0,0.0,9.0,166083.0,0.0,68.0,11.0,4.0,6.0,1.0,0.0,2.0,39.0,4.0,1,0
40.0,0.0,9.0,381153.0,0.0,34.0,11.0,4.0,4.0,1.0,0.0,2.0,39.0,4.0,1,0
40.0,0.0,10.0,140713.0,0.0,37.0,15.0,2.0,4.0,1.0,0.0,2.0,23.0,1.0,1,0
40.0,0.0,9.0,353512.0,0.0,46.0,11.0,4.0,4.0,1.0,0.0,2.0,39.0,7.0,1,0
48.0,0.0,4.0,39352.0,0.0,60.0,5.0,4.0,4.0,1.0,1.0,4.0,39.0,14.0,1,0
50.0,0.0,7.0,104790.0,0.0,48.0,1.0,4.0,6.0,1.0,0.0,2.0,39.0,5.0,1,0
50.0,0.0,11.0,104089.0,0.0,39.0,8.0,4.0,4.0,1.0,0.0,2.0,39.0,3.0,1,0
60.0,0.0,9.0,96524.0,0.0,42.0,11.0,4.0,2.0,1.0,0.0,2.0,39.0,4.0,1,0
50.0,0.0,13.0,348504.0,0.0,31.0,9.0,4.0,4.0,1.0,0.0,2.0,39.0,4.0,0,1
40.0,0.0,10.0,309230.0,0.0,38.0,15.0,4.0,4.0,1.0,0.0,2.0,39.0,3.0,1,0
60.0,0.0,10.0,238964.0,0.0,25.0,15.0,4.0,4.0,1.0,0.0,2.0,39.0,3.0,1,0
10.0,0.0,13.0,177906.0,0.0,71.0,9.0,4.0,0.0,1.0,0.0,2.0,39.0,0.0,1,0
40.0,0.0,10.0,438711.0,0.0,32.0,15.0,2.0,7.0,0.0,5.0,2.0,39.0,10.0,0,1
45.0,0.0,9.0,30682.0,0.0,40.0,11.0,4.0,4.0,1.0,0.0,2.0,39.0,7.0,1,0
60.0,0.0,13.0,295010.0,0.0,30.0,9.0,4.0,1.0,0.0,1.0,4.0,39.0,11.0,1,0
40.0,0.0,14.0,361631.0,0.0,63.0,12.0,4.0,4.0,0.0,1.0,5.0,39.0,10.0,1,0
40.0,0.0,11.0,105586.0,0.0,49.0,8.0,1.0,1.0,1.0,0.0,2.0,39.0,3.0,1,0
40.0,0.0,9.0,166863.0,0.0,47.0,11.0,4.0,2.0,1.0,0.0,2.0,39.0,4.0,1,0
50.0,0.0,13.0,38795.0,0.0,50.0,9.0,4.0,4.0,1.0,0.0,2.0,39.0,10.0,0,1
40.0,0.0,9.0,213615.0,0.0,55.0,11.0,4.0,4.0,1.0,0.0,2.0,39.0,3.0,1,0
40.0,0.0,13.0,55291.0,0.0,30.0,9.0,4.0,4.0,1.0,0.0,2.0,39.0,10.0,1,0
40.0,0.0,10.0,164050.0,0.0,38.0,15.0,2.0,4.0,1.0,0.0,2.0,39.0,11.0,1,0
60.0,0.0,13.0,188330.0,0.0,45.0,9.0,4.0,5.0,1.0,0.0,2.0,39.0,4.0,0,1
60.0,0.0,16.0,198759.0,0.0,45.0,10.0,4.0,4.0,1.0,0.0,2.0,39.0,4.0,0,1
40.0,0.0,9.0,168539.0,0.0,52.0,11.0,4.0,1.0,1.0,0.0,2.0,39.0,7.0,1,0
40.0,0.0,10.0,151773.0,0.0,30.0,15.0,4.0,4.0,1.0,0.0,2.0,39.0,7.0,1,0
60.0,0.0,10.0,25141.0,0.0,60.0,15.0,4.0,4.0,1.0,0.0,2.0,39.0,14.0,0,1
40.0,0.0,12.0,345969.0,0.0,40.0,7.0,4.0,7.0,1.0,0.0,2.0,39.0,1.0,1,0
40.0,0.0,12.0,265477.0,0.0,48.0,7.0,4.0,6.0,1.0,0.0,2.0,39.0,10.0,0,1
40.0,0.0,16.0,144515.0,1258.0,72.0,10.0,4.0,2.0,1.0,0.0,2.0,39.0,4.0,0,1
60.0,0.0,13.0,168038.0,0.0,45.0,9.0,4.0,4.0,1.0,1.0,0.0,39.0,12.0,1,0
60.0,0.0,10.0,244803.0,1485.0,38.0,15.0,4.0,5.0,1.0,0.0,2.0,5.0,12.0,1,0
51.0,0.0,13.0,35969.0,0.0,46.0,9.0,4.0,4.0,1.0,0.0,2.0,39.0,4.0,0,1
70.0,0.0,10.0,176756.0,1485.0,37.0,15.0,2.0,4.0,1.0,0.0,2.0,39.0,1.0,1,0
32.0,4934.0,13.0,118486.0,0.0,37.0,9.0,4.0,4.0,0.0,4.0,5.0,39.0,10.0,1,0
38.0,0.0,9.0,378251.0,0.0,44.0,11.0,4.0,4.0,0.0,5.0,2.0,39.0,1.0,0,1
43.0,0.0,5.0,111567.0,0.0,31.0,6.0,4.0,4.0,1.0,1.0,4.0,39.0,12.0,1,0
42.0,0.0,6.0,245305.0,0.0,49.0,0.0,2.0,4.0,1.0,0.0,2.0,39.0,14.0,1,0
70.0,0.0,13.0,162034.0,0.0,47.0,9.0,4.0,4.0,1.0,0.0,2.0,39.0,12.0,0,1
40.0,0.0,9.0,231689.0,0.0,41.0,11.0,4.0,4.0,1.0,0.0,2.0,39.0,3.0,1,0
50.0,0.0,13.0,209912.0,0.0,51.0,9.0,0.0,4.0,1.0,1.0,0.0,39.0,4.0,0,1
40.0,0.0,6.0,85995.0,0.0,40.0,0.0,4.0,4.0,1.0,0.0,2.0,39.0,7.0,1,0
50.0,0.0,4.0,128230.0,0.0,61.0,5.0,4.0,4.0,1.0,0.0,2.0,39.0,12.0,1,0
40.0,0.0,9.0,193882.0,0.0,43.0,11.0,4.0,4.0,1.0,0.0,2.0,39.0,4.0,1,0
32.0,0.0,13.0,108293.0,0.0,35.0,9.0,4.0,4.0,0.0,4.0,6.0,39.0,10.0,1,0
48.0,0.0,14.0,178385.0,0.0,44.0,12.0,1.0,4.0,1.0,0.0,2.0,19.0,4.0,0,1
55.0,0.0,10.0,170785.0,0.0,43.0,15.0,4.0,5.0,1.0,0.0,2.0,39.0,12.0,0,1
45.0,0.0,9.0,214838.0,0.0,44.0,11.0,4.0,4.0,1.0,0.0,2.0,39.0,7.0,1,0
55.0,0.0,10.0,287548.0,0.0,35.0,15.0,4.0,4.0,1.0,0.0,2.0,39.0,12.0,1,0
45.0,0.0,10.0,290560.0,0.0,36.0,15.0,4.0,4.0,1.0,0.0,2.0,39.0,4.0,0,1
50.0,0.0,14.0,53727.0,0.0,40.0,12.0,4.0,4.0,1.0,1.0,4.0,39.0,12.0,1,0
48.0,0.0,9.0,74581.0,0.0,43.0,11.0,4.0,4.0,1.0,0.0,2.0,39.0,3.0,1,0
50.0,0.0,10.0,180551.0,0.0,47.0,15.0,4.0,4.0,1.0,0.0,2.0,39.0,14.0,0,1
40.0,0.0,10.0,24106.0,0.0,35.0,15.0,4.0,4.0,1.0,0.0,2.0,39.0,4.0,1,0
40.0,0.0,13.0,119721.0,0.0,43.0,9.0,4.0,4.0,1.0,0.0,2.0,39.0,4.0,0,1
40.0,0.0,10.0,396595.0,0.0,38.0,15.0,1.0,4.0,1.0,0.0,2.0,39.0,3.0,1,0
40.0,0.0,9.0,152810.0,0.0,51.0,11.0,4.0,4.0,1.0,0.0,2.0,39.0,10.0,1,0
40.0,0.0,9.0,158528.0,0.0,43.0,11.0,4.0,4.0,1.0,0.0,2.0,39.0,3.0,1,0
75.0,0.0,13.0,197176.0,0.0,41.0,9.0,4.0,6.0,1.0,0.0,2.0,39.0,5.0,1,0
45.0,0.0,13.0,192779.0,0.0,46.0,9.0,4.0,4.0,1.0,1.0,4.0,39.0,12.0,1,0
40.0,0.0,10.0,309778.0,0.0,29.0,15.0,4.0,1.0,1.0,0.0,2.0,39.0,13.0,1,0
57.0,0.0,9.0,213722.0,0.0,34.0,11.0,4.0,2.0,1.0,0.0,2.0,39.0,11.0,1,0
40.0,0.0,13.0,349795.0,0.0,52.0,9.0,4.0,7.0,1.0,0.0,2.0,39.0,11.0,0,1
40.0,0.0,11.0,124827.0,0.0,31.0,8.0,4.0,4.0,1.0,0.0,2.0,39.0,12.0,1,0
45.0,0.0,9.0,196328.0,0.0,53.0,11.0,2.0,6.0,1.0,0.0,2.0,39.0,4.0,1,0
40.0,0.0,13.0,465326.0,0.0,35.0,9.0,4.0,4.0,1.0,0.0,2.0,39.0,12.0,0,1
50.0,0.0,7.0,197322.0,0.0,50.0,1.0,4.0,4.0,1.0,0.0,2.0,39.0,4.0,1,0
35.0,0.0,10.0,54932.0,0.0,29.0,15.0,4.0,4.0,1.0,4.0,0.0,39.0,3.0,1,0
45.0,0.0,10.0,353824.0,0.0,49.0,15.0,4.0,4.0,1.0,1.0,0.0,39.0,10.0,1,0
55.0,0.0,15.0,105138.0,0.0,35.0,14.0,4.0,1.0,1.0,0.0,2.0,39.0,10.0,0,1
55.0,0.0,10.0,105021.0,0.0,36.0,15.0,4.0,6.0,1.0,0.0,2.0,39.0,4.0,1,0
40.0,0.0,16.0,200289.0,0.0,38.0,10.0,1.0,7.0,1.0,0.0,2.0,36.0,10.0,0,1
40.0,4386.0,9.0,117959.0,0.0,24.0,11.0,4.0,4.0,1.0,0.0,2.0,39.0,6.0,1,0
30.0,0.0,9.0,160474.0,0.0,47.0,11.0,4.0,4.0,0.0,5.0,2.0,39.0,4.0,1,0
40.0,0.0,9.0,305597.0,0.0,39.0,11.0,4.0,4.0,1.0,0.0,2.0,39.0,3.0,1,0
48.0,0.0,9.0,207202.0,0.0,38.0,11.0,4.0,4.0,1.0,0.0,2.0,39.0,7.0,1,0
40.0,0.0,12.0,266803.0,0.0,40.0,7.0,4.0,4.0,0.0,1.0,0.0,39.0,4.0,1,0
42.0,0.0,11.0,359001.0,0.0,38.0,8.0,4.0,4.0,1.0,0.0,2.0,39.0,10.0,0,1
40.0,0.0,13.0,62438.0,0.0,26.0,9.0,4.0,4.0,0.0,5.0,2.0,39.0,12.0,1,0
60.0,0.0,13.0,129707.0,0.0,33.0,9.0,4.0,4.0,1.0,1.0,4.0,39.0,1.0,1,0
40.0,0.0,9.0,142182.0,0.0,59.0,11.0,4.0,4.0,1.0,0.0,2.0,39.0,8.0,1,0
50.0,0.0,14.0,289991.0,0.0,29.0,12.0,4.0,2.0,1.0,0.0,2.0,39.0,10.0,0,1
40.0,0.0,13.0,202729.0,0.0,33.0,9.0,4.0,6.0,1.0,0.0,2.0,39.0,3.0,1,0
30.0,0.0,13.0,200904.0,0.0,38.0,9.0,2.0,7.0,0.0,5.0,2.0,39.0,4.0,1,0
45.0,0.0,13.0,353263.0,0.0,36.0,9.0,4.0,4.0,0.0,1.0,4.0,39.0,10.0,1,0
50.0,0.0,15.0,197054.0,0.0,50.0,14.0,4.0,6.0,1.0,1.0,0.0,39.0,12.0,1,0
50.0,0.0,9.0,143939.0,0.0,43.0,11.0,4.0,7.0,0.0,4.0,0.0,39.0,1.0,1,0
40.0,0.0,13.0,233130.0,0.0,43.0,9.0,4.0,4.0,1.0,1.0,0.0,39.0,12.0,1,0
42.0,0.0,13.0,177189.0,0.0,61.0,9.0,4.0,2.0,1.0,0.0,2.0,39.0,10.0,0,1
60.0,0.0,10.0,114225.0,0.0,27.0,15.0,4.0,6.0,1.0,1.0,4.0,39.0,4.0,1,0
30.0,0.0,9.0,185057.0,0.0,43.0,11.0,4.0,4.0,0.0,1.0,0.0,39.0,4.0,1,0
40.0,0.0,10.0,107665.0,0.0,50.0,15.0,4.0,4.0,1.0,0.0,2.0,39.0,12.0,1,0
40.0,0.0,13.0,36271.0,0.0,44.0,9.0,4.0,4.0,1.0,0.0,2.0,39.0,3.0,0,1
40.0,0.0,9.0,178241.0,0.0,51.0,11.0,2.0,4.0,1.0,0.0,2.0,39.0,7.0,1,0
45.0,0.0,13.0,153205.0,0.0,36.0,9.0,1.0,4.0,1.0,0.0,2.0,0.0,10.0,0,1
40.0,0.0,13.0,89690.0,0.0,55.0,9.0,4.0,4.0,0.0,1.0,0.0,39.0,10.0,1,0
60.0,0.0,10.0,111128.0,0.0,36.0,15.0,4.0,4.0,1.0,1.0,5.0,39.0,4.0,1,0
50.0,0.0,13.0,177705.0,0.0,51.0,9.0,4.0,4.0,1.0,1.0,0.0,39.0,12.0,1,0
38.0,0.0,13.0,143046.0,1564.0,42.0,9.0,4.0,4.0,0.0,1.0,4.0,39.0,10.0,1,0
40.0,0.0,13.0,181091.0,0.0,30.0,9.0,4.0,2.0,1.0,0.0,2.0,39.0,11.0,0,1
40.0,0.0,10.0,81973.0,0.0,49.0,15.0,1.0,4.0,1.0,0.0,2.0,39.0,3.0,1,0
24.0,0.0,10.0,121912.0,0.0,55.0,15.0,4.0,4.0,1.0,0.0,2.0,39.0,14.0,1,0
40.0,0.0,13.0,230951.0,0.0,50.0,9.0,4.0,4.0,1.0,0.0,2.0,39.0,12.0,0,1
48.0,0.0,13.0,340880.0,0.0,31.0,9.0,4.0,6.0,1.0,0.0,2.0,39.0,12.0,0,1
40.0,0.0,9.0,188330.0,0.0,49.0,11.0,4.0,4.0,1.0,0.0,2.0,39.0,12.0,1,0
60.0,0.0,13.0,118853.0,0.0,40.0,9.0,4.0,4.0,1.0,0.0,2.0,39.0,4.0,0,1
40.0,0.0,5.0,154863.0,0.0,28.0,6.0,2.0,2.0,1.0,0.0,2.0,38.0,3.0,1,0
45.0,0.0,13.0,105010.0,0.0,50.0,9.0,4.0,4.0,1.0,0.0,2.0,39.0,5.0,1,0
55.0,0.0,9.0,159726.0,0.0,48.0,11.0,4.0,4.0,1.0,0.0,2.0,39.0,14.0,1,0
50.0,0.0,15.0,291362.0,0.0,66.0,14.0,4.0,6.0,1.0,0.0,2.0,39.0,10.0,0,1
35.0,0.0,14.0,134768.0,0.0,62.0,12.0,4.0,5.0,1.0,0.0,2.0,39.0,12.0,0,1
55.0,0.0,13.0,70720.0,0.0,59.0,9.0,4.0,4.0,1.0,1.0,0.0,39.0,12.0,1,0
37.0,0.0,10.0,279129.0,0.0,52.0,15.0,4.0,4.0,1.0,1.0,4.0,39.0,10.0,1,0
48.0,0.0,9.0,154342.0,0.0,52.0,11.0,4.0,4.0,1.0,0.0,2.0,39.0,3.0,1,0
40.0,0.0,12.0,189530.0,0.0,28.0,7.0,4.0,4.0,1.0,0.0,2.0,39.0,10.0,1,0
40.0,0.0,11.0,202956.0,0.0,51.0,8.0,4.0,4.0,1.0,0.0,2.0,39.0,12.0,0,1
60.0,0.0,9.0,164243.0,0.0,32.0,11.0,4.0,4.0,1.0,0.0,2.0,39.0,13.0,1,0
54.0,0.0,11.0,319685.0,0.0,37.0,8.0,4.0,0.0,1.0,0.0,2.0,39.0,0.0,1,0
40.0,0.0,10.0,95680.0,0.0,47.0,15.0,1.0,4.0,1.0,0.0,2.0,39.0,4.0,0,1
45.0,0.0,9.0,108993.0,0.0,48.0,11.0,4.0,4.0,1.0,0.0,2.0,39.0,3.0,1,0
50.0,0.0,10.0,165930.0,0.0,38.0,15.0,4.0,4.0,1.0,0.0,2.0,39.0,4.0,0,1
72.0,0.0,15.0,141858.0,0.0,40.0,14.0,4.0,7.0,1.0,0.0,2.0,39.0,10.0,0,1
40.0,0.0,10.0,380544.0,0.0,23.0,15.0,4.0,4.0,1.0,0.0,2.0,39.0,1.0,1,0
60.0,0.0,10.0,244054.0,0.0,44.0,15.0,4.0,1.0,1.0,4.0,0.0,39.0,4.0,1,0
25.0,0.0,10.0,473748.0,0.0,72.0,15.0,4.0,5.0,1.0,0.0,2.0,39.0,4.0,1,0
39.0,0.0,15.0,192569.0,0.0,42.0,14.0,4.0,4.0,0.0,1.0,0.0,39.0,10.0,1,0
65.0,0.0,11.0,112754.0,0.0,26.0,8.0,4.0,4.0,1.0,0.0,2.0,39.0,3.0,1,0
40.0,0.0,9.0,250552.0,0.0,60.0,11.0,4.0,4.0,1.0,0.0,2.0,39.0,8.0,1,0
40.0,0.0,9.0,32121.0,0.0,41.0,11.0,4.0,4.0,1.0,0.0,2.0,39.0,7.0,1,0
40.0,0.0,10.0,82622.0,0.0,37.0,15.0,4.0,4.0,1.0,0.0,2.0,39.0,8.0,1,0
40.0,0.0,13.0,207172.0,0.0,30.0,9.0,4.0,4.0,0.0,5.0,2.0,26.0,1.0,0,1
40.0,0.0,11.0,78980.0,0.0,30.0,8.0,4.0,4.0,1.0,0.0,2.0,39.0,7.0,1,0
40.0,0.0,13.0,176101.0,0.0,38.0,9.0,4.0,4.0,1.0,0.0,2.0,39.0,4.0,0,1
38.0,0.0,11.0,207120.0,0.0,47.0,8.0,4.0,7.0,1.0,0.0,2.0,39.0,4.0,1,0
45.0,0.0,13.0,200352.0,0.0,36.0,9.0,4.0,4.0,1.0,0.0,2.0,39.0,10.0,0,1
40.0,0.0,13.0,101338.0,0.0,56.0,9.0,4.0,1.0,1.0,0.0,2.0,39.0,12.0,0,1
40.0,0.0,9.0,288371.0,0.0,67.0,11.0,4.0,4.0,1.0,0.0,2.0,2.0,12.0,1,0
40.0,0.0,13.0,201495.0,0.0,42.0,9.0,4.0,4.0,1.0,0.0,2.0,39.0,4.0,0,1
60.0,0.0,9.0,112115.0,0.0,30.0,11.0,4.0,4.0,1.0,0.0,2.0,21.0,7.0,1,0
25.0,0.0,12.0,29662.0,0.0,30.0,7.0,4.0,4.0,0.0,5.0,2.0,39.0,8.0,1,0
40.0,0.0,9.0,212120.0,0.0,47.0,11.0,4.0,5.0,1.0,0.0,2.0,39.0,3.0,1,0
40.0,0.0,10.0,199539.0,0.0,32.0,15.0,4.0,2.0,1.0,0.0,2.0,39.0,11.0,1,0
55.0,0.0,9.0,211440.0,0.0,39.0,11.0,4.0,4.0,1.0,0.0,2.0,39.0,14.0,1,0
75.0,0.0,9.0,185041.0,0.0,46.0,11.0,4.0,4.0,1.0,0.0,2.0,39.0,3.0,1,0
52.0,0.0,9.0,144844.0,0.0,49.0,11.0,4.0,4.0,1.0,0.0,2.0,39.0,14.0,1,0
40.0,0.0,12.0,251305.0,0.0,44.0,7.0,4.0,1.0,1.0,0.0,2.0,39.0,1.0,1,0
55.0,0.0,9.0,268022.0,0.0,47.0,11.0,4.0,4.0,1.0,0.0,2.0,39.0,14.0,1,0
70.0,0.0,13.0,28497.0,1485.0,45.0,9.0,4.0,6.0,1.0,0.0,2.0,39.0,5.0,1,0
40.0,0.0,9.0,383384.0,0.0,48.0,11.0,4.0,6.0,1.0,0.0,2.0,39.0,3.0,1,0
40.0,0.0,12.0,221791.0,0.0,50.0,7.0,2.0,4.0,1.0,0.0,2.0,39.0,13.0,0,1
60.0,0.0,10.0,128033.0,0.0,38.0,15.0,4.0,4.0,1.0,0.0,2.0,39.0,12.0,0,1
48.0,0.0,13.0,199058.0,0.0,45.0,9.0,4.0,4.0,1.0,0.0,2.0,0.0,4.0,0,1
50.0,0.0,13.0,129673.0,0.0,50.0,9.0,4.0,4.0,0.0,1.0,0.0,39.0,4.0,1,0
40.0,0.0,9.0,186434.0,0.0,37.0,11.0,2.0,4.0,1.0,0.0,2.0,39.0,8.0,1,0
40.0,0.0,13.0,192878.0,0.0,44.0,9.0,4.0,4.0,1.0,0.0,2.0,39.0,7.0,1,0
50.0,0.0,14.0,304595.0,0.0,29.0,12.0,4.0,4.0,1.0,1.0,4.0,39.0,12.0,1,0
40.0,0.0,13.0,164526.0,0.0,37.0,9.0,4.0,4.0,1.0,0.0,2.0,39.0,10.0,0,1
50.0,0.0,9.0,176357.0,0.0,38.0,11.0,4.0,5.0,1.0,0.0,2.0,39.0,4.0,0,1
8.0,0.0,13.0,56328.0,0.0,32.0,9.0,4.0,6.0,0.0,5.0,2.0,39.0,10.0,1,0
50.0,0.0,7.0,105817.0,0.0,28.0,1.0,4.0,4.0,1.0,0.0,2.0,39.0,4.0,1,0
40.0,0.0,10.0,361888.0,0.0,36.0,15.0,4.0,4.0,1.0,0.0,2.0,0.0,3.0,1,0
60.0,0.0,13.0,37359.0,0.0,28.0,9.0,4.0,4.0,1.0,0.0,2.0,39.0,12.0,1,0
40.0,0.0,10.0,198223.0,0.0,47.0,15.0,4.0,4.0,1.0,0.0,2.0,39.0,4.0,0,1
40.0,0.0,10.0,454843.0,0.0,35.0,15.0,4.0,4.0,1.0,0.0,2.0,39.0,3.0,1,0
45.0,0.0,9.0,241523.0,0.0,24.0,11.0,4.0,4.0,1.0,0.0,2.0,39.0,8.0,1,0
40.0,0.0,9.0,182402.0,0.0,44.0,11.0,4.0,4.0,1.0,0.0,2.0,39.0,3.0,1,0
70.0,0.0,11.0,176683.0,0.0,28.0,8.0,4.0,4.0,1.0,0.0,2.0,39.0,13.0,1,0
65.0,0.0,4.0,155489.0,0.0,45.0,5.0,4.0,6.0,1.0,0.0,2.0,39.0,4.0,1,0
40.0,0.0,13.0,356689.0,0.0,31.0,9.0,4.0,2.0,1.0,0.0,2.0,39.0,10.0,0,1
60.0,0.0,13.0,119411.0,0.0,31.0,9.0,4.0,6.0,1.0,4.0,0.0,39.0,4.0,1,0
40.0,0.0,9.0,52242.0,0.0,24.0,11.0,4.0,4.0,0.0,5.0,2.0,39.0,12.0,1,0
45.0,0.0,10.0,185063.0,0.0,34.0,15.0,4.0,4.0,1.0,0.0,2.0,39.0,7.0,1,0
40.0,0.0,9.0,247043.0,0.0,46.0,11.0,4.0,4.0,1.0,0.0,2.0,39.0,14.0,1,0
40.0,0.0,9.0,206297.0,0.0,31.0,11.0,4.0,2.0,1.0,0.0,2.0,39.0,11.0,1,0
40.0,0.0,10.0,32446.0,0.0,56.0,15.0,4.0,4.0,1.0,0.0,2.0,39.0,3.0,1,0
48.0,0.0,9.0,171467.0,0.0,55.0,11.0,2.0,4.0,1.0,4.0,0.0,39.0,3.0,1,0
60.0,0.0,9.0,112283.0,0.0,41.0,11.0,4.0,4.0,1.0,0.0,2.0,39.0,3.0,1,0
40.0,0.0,10.0,93655.0,0.0,59.0,15.0,4.0,0.0,1.0,0.0,2.0,39.0,0.0,0,1
65.0,0.0,9.0,160574.0,0.0,44.0,11.0,4.0,4.0,1.0,0.0,2.0,39.0,3.0,1,0
45.0,0.0,10.0,146477.0,0.0,55.0,15.0,4.0,1.0,1.0,0.0,2.0,39.0,3.0,0,1
50.0,0.0,13.0,44767.0,0.0,28.0,9.0,4.0,4.0,1.0,3.0,4.0,39.0,4.0,1,0
40.0,0.0,10.0,131826.0,0.0,48.0,15.0,4.0,4.0,1.0,0.0,2.0,39.0,1.0,1,0
40.0,0.0,16.0,104663.0,0.0,42.0,10.0,4.0,7.0,0.0,1.0,4.0,22.0,4.0,1,0
40.0,0.0,10.0,134671.0,0.0,47.0,15.0,4.0,2.0,1.0,0.0,2.0,39.0,4.0,0,1
58.0,0.0,10.0,177905.0,0.0,44.0,15.0,4.0,4.0,1.0,4.0,0.0,39.0,7.0,1,0
50.0,0.0,10.0,188041.0,0.0,35.0,15.0,4.0,4.0,1.0,0.0,2.0,39.0,4.0,0,1
40.0,0.0,10.0,177675.0,0.0,30.0,15.0,4.0,4.0,1.0,1.0,4.0,39.0,3.0,1,0
20.0,0.0,12.0,111499.0,0.0,39.0,7.0,4.0,2.0,0.0,5.0,2.0,39.0,1.0,1,0
40.0,0.0,7.0,121832.0,0.0,60.0,1.0,4.0,4.0,1.0,0.0,2.0,39.0,12.0,1,0
40.0,0.0,11.0,192039.0,0.0,32.0,8.0,4.0,4.0,0.0,5.0,2.0,39.0,10.0,1,0
60.0,0.0,9.0,136077.0,0.0,29.0,11.0,4.0,4.0,1.0,0.0,2.0,39.0,12.0,1,0
50.0,0.0,10.0,184307.0,0.0,31.0,15.0,4.0,4.0,1.0,0.0,2.0,23.0,4.0,1,0
45.0,0.0,10.0,134286.0,0.0,56.0,15.0,4.0,4.0,1.0,0.0,2.0,39.0,4.0,0,1
40.0,0.0,10.0,319697.0,0.0,54.0,15.0,4.0,4.0,0.0,5.0,2.0,39.0,10.0,0,1
50.0,0.0,13.0,63042.0,0.0,44.0,9.0,4.0,4.0,0.0,3.0,0.0,39.0,4.0,1,0
40.0,0.0,12.0,356934.0,0.0,40.0,7.0,4.0,4.0,1.0,1.0,0.0,39.0,4.0,1,0
45.0,0.0,16.0,80282.0,0.0,47.0,10.0,4.0,7.0,1.0,0.0,2.0,39.0,10.0,0,1
45.0,0.0,10.0,456236.0,0.0,44.0,15.0,4.0,5.0,1.0,3.0,0.0,39.0,12.0,1,0
40.0,0.0,13.0,404616.0,0.0,25.0,9.0,4.0,4.0,1.0,0.0,2.0,39.0,4.0,1,0
52.0,0.0,9.0,244087.0,0.0,61.0,11.0,4.0,6.0,1.0,0.0,2.0,39.0,3.0,1,0
40.0,0.0,10.0,220269.0,0.0,47.0,15.0,4.0,1.0,1.0,0.0,2.0,39.0,6.0,1,0
20.0,0.0,12.0,106707.0,0.0,55.0,7.0,2.0,0.0,1.0,0.0,2.0,39.0,0.0,1,0
40.0,0.0,13.0,170154.0,0.0,30.0,9.0,4.0,4.0,0.0,1.0,4.0,39.0,13.0,1,0
50.0,0.0,9.0,185405.0,0.0,36.0,11.0,4.0,4.0,1.0,0.0,2.0,39.0,1.0,1,0
40.0,0.0,9.0,311534.0,0.0,40.0,11.0,4.0,4.0,1.0,0.0,2.0,39.0,6.0,1,0
40.0,0.0,13.0,253121.0,0.0,34.0,9.0,4.0,7.0,1.0,0.0,2.0,39.0,10.0,0,1
41.0,0.0,9.0,375049.0,0.0,59.0,11.0,4.0,0.0,1.0,0.0,2.0,39.0,0.0,1,0
40.0,0.0,13.0,110871.0,0.0,55.0,9.0,4.0,4.0,1.0,0.0,2.0,39.0,12.0,0,1
40.0,0.0,9.0,193335.0,0.0,59.0,11.0,4.0,4.0,1.0,0.0,2.0,39.0,3.0,1,0
45.0,0.0,13.0,241998.0,0.0,35.0,9.0,4.0,6.0,1.0,0.0,2.0,39.0,3.0,0,1
40.0,0.0,9.0,344073.0,0.0,34.0,11.0,4.0,4.0,1.0,1.0,5.0,39.0,1.0,1,0
40.0,0.0,9.0,195258.0,0.0,43.0,11.0,4.0,4.0,1.0,0.0,2.0,39.0,3.0,1,0
84.0,0.0,10.0,189933.0,0.0,55.0,15.0,4.0,4.0,1.0,0.0,2.0,39.0,14.0,0,1
50.0,0.0,14.0,241153.0,0.0,39.0,12.0,4.0,5.0,1.0,0.0,2.0,39.0,4.0,0,1
60.0,0.0,13.0,635913.0,0.0,37.0,9.0,2.0,4.0,1.0,1.0,4.0,39.0,4.0,1,0
50.0,0.0,9.0,177633.0,0.0,46.0,11.0,4.0,4.0,1.0,0.0,2.0,39.0,7.0,1,0
40.0,0.0,14.0,71344.0,0.0,52.0,12.0,4.0,7.0,1.0,0.0,2.0,39.0,10.0,0,1
40.0,0.0,13.0,287233.0,0.0,26.0,9.0,2.0,2.0,0.0,5.0,2.0,39.0,10.0,1,0
50.0,0.0,9.0,170769.0,0.0,34.0,11.0,4.0,4.0,1.0,0.0,2.0,39.0,1.0,1,0
40.0,0.0,13.0,256997.0,0.0,39.0,9.0,4.0,2.0,1.0,0.0,2.0,39.0,3.0,0,1
40.0,0.0,14.0,184428.0,0.0,49.0,12.0,4.0,2.0,1.0,0.0,2.0,39.0,1.0,0,1
40.0,0.0,13.0,171635.0,0.0,63.0,9.0,4.0,4.0,1.0,0.0,2.0,39.0,12.0,0,1
40.0,0.0,16.0,196342.0,0.0,32.0,10.0,4.0,4.0,1.0,1.0,4.0,39.0,10.0,1,0
60.0,0.0,15.0,171841.0,0.0,42.0,14.0,4.0,4.0,1.0,0.0,2.0,39.0,10.0,0,1
40.0,0.0,13.0,188576.0,0.0,27.0,9.0,1.0,4.0,1.0,1.0,5.0,30.0,10.0,1,0
40.0,0.0,9.0,31621.0,0.0,50.0,11.0,4.0,4.0,1.0,0.0,2.0,39.0,3.0,1,0
48.0,0.0,9.0,178946.0,0.0,54.0,11.0,4.0,4.0,1.0,0.0,2.0,39.0,3.0,1,0
40.0,0.0,13.0,169020.0,0.0,30.0,9.0,4.0,2.0,1.0,0.0,2.0,39.0,10.0,0,1
40.0,0.0,15.0,98283.0,0.0,35.0,14.0,1.0,4.0,1.0,1.0,4.0,19.0,10.0,1,0
50.0,0.0,9.0,153549.0,0.0,30.0,11.0,4.0,5.0,1.0,0.0,2.0,39.0,4.0,1,0
48.0,0.0,11.0,185798.0,0.0,44.0,8.0,4.0,4.0,1.0,2.0,5.0,39.0,3.0,1,0
42.0,0.0,9.0,34269.0,653.0,57.0,11.0,4.0,4.0,1.0,4.0,6.0,39.0,14.0,1,0
44.0,0.0,9.0,168071.0,0.0,43.0,11.0,4.0,4.0,1.0,0.0,2.0,39.0,4.0,0,1
35.0,0.0,14.0,181755.0,0.0,53.0,12.0,4.0,2.0,0.0,1.0,0.0,39.0,10.0,1,0
40.0,0.0,13.0,263908.0,0.0,32.0,9.0,4.0,4.0,1.0,0.0,2.0,39.0,10.0,0,1
40.0,0.0,9.0,205706.0,0.0,40.0,11.0,4.0,4.0,0.0,5.0,2.0,39.0,4.0,0,1
60.0,0.0,11.0,229566.0,0.0,32.0,8.0,4.0,4.0,1.0,0.0,2.0,39.0,8.0,1,0
45.0,0.0,9.0,256916.0,0.0,54.0,11.0,4.0,4.0,1.0,0.0,2.0,39.0,4.0,0,1
40.0,0.0,14.0,233734.0,0.0,53.0,12.0,2.0,2.0,0.0,1.0,0.0,39.0,10.0,1,0
42.0,0.0,12.0,178312.0,0.0,61.0,7.0,4.0,4.0,1.0,0.0,2.0,39.0,4.0,0,1
40.0,0.0,7.0,72442.0,0.0,61.0,1.0,4.0,4.0,1.0,0.0,2.0,39.0,8.0,1,0
40.0,0.0,10.0,104333.0,0.0,58.0,15.0,4.0,4.0,1.0,0.0,2.0,39.0,3.0,1,0
40.0,0.0,10.0,331643.0,0.0,45.0,15.0,4.0,4.0,1.0,0.0,2.0,39.0,3.0,1,0
40.0,0.0,15.0,126850.0,0.0,41.0,14.0,1.0,4.0,1.0,0.0,2.0,30.0,1.0,0,1
40.0,0.0,11.0,277471.0,0.0,53.0,8.0,4.0,4.0,1.0,0.0,2.0,39.0,13.0,1,0
48.0,0.0,9.0,163392.0,0.0,33.0,11.0,0.0,4.0,1.0,0.0,2.0,39.0,10.0,1,0
55.0,0.0,10.0,142444.0,0.0,43.0,15.0,4.0,4.0,0.0,4.0,0.0,39.0,12.0,1,0
40.0,0.0,3.0,128212.0,0.0,43.0,4.0,1.0,4.0,0.0,5.0,2.0,40.0,7.0,1,0
40.0,0.0,9.0,263600.0,0.0,28.0,11.0,4.0,2.0,1.0,0.0,2.0,39.0,11.0,1,0
48.0,0.0,9.0,168337.0,0.0,47.0,11.0,4.0,4.0,1.0,0.0,2.0,39.0,7.0,1,0
55.0,0.0,5.0,342906.0,0.0,57.0,6.0,2.0,4.0,1.0,0.0,2.0,39.0,12.0,1,0
48.0,0.0,10.0,97688.0,0.0,40.0,15.0,4.0,4.0,1.0,0.0,2.0,39.0,13.0,1,0
70.0,3103.0,9.0,345522.0,0.0,30.0,11.0,4.0,4.0,1.0,0.0,2.0,39.0,14.0,1,0
50.0,0.0,13.0,124919.0,0.0,32.0,9.0,1.0,5.0,1.0,0.0,2.0,20.0,8.0,1,0
95.0,0.0,10.0,129311.0,0.0,52.0,15.0,4.0,6.0,1.0,0.0,2.0,39.0,4.0,1,0
40.0,0.0,13.0,133694.0,0.0,48.0,9.0,2.0,6.0,1.0,1.0,3.0,23.0,4.0,1,0
40.0,0.0,11.0,119225.0,0.0,40.0,8.0,4.0,4.0,1.0,0.0,2.0,39.0,10.0,0,1
40.0,0.0,9.0,260578.0,0.0,35.0,11.0,4.0,4.0,0.0,4.0,0.0,39.0,4.0,1,0
40.0,0.0,13.0,111567.0,0.0,31.0,9.0,4.0,4.0,1.0,1.0,4.0,39.0,12.0,1,0
40.0,0.0,9.0,142828.0,0.0,46.0,11.0,4.0,4.0,0.0,5.0,2.0,39.0,12.0,1,0
60.0,0.0,13.0,237713.0,0.0,38.0,9.0,4.0,4.0,1.0,0.0,2.0,39.0,4.0,0,1
40.0,0.0,9.0,206307.0,0.0,26.0,11.0,4.0,4.0,1.0,0.0,2.0,39.0,3.0,1,0
55.0,0.0,10.0,101978.0,2258.0,38.0,15.0,4.0,4.0,1.0,1.0,5.0,39.0,7.0,1,0
40.0,0.0,9.0,269323.0,0.0,38.0,11.0,4.0,4.0,1.0,0.0,2.0,39.0,1.0,1,0
50.0,0.0,10.0,111128.0,0.0,37.0,15.0,4.0,5.0,1.0,0.0,2.0,39.0,3.0,1,0
40.0,0.0,13.0,112497.0,0.0,36.0,9.0,4.0,4.0,1.0,0.0,2.0,39.0,13.0,0,1
50.0,0.0,13.0,75104.0,0.0,48.0,9.0,4.0,4.0,1.0,0.0,2.0,39.0,10.0,0,1
65.0,0.0,9.0,212838.0,0.0,64.0,11.0,4.0,4.0,1.0,0.0,2.0,39.0,12.0,1,0
50.0,0.0,14.0,158752.0,0.0,56.0,12.0,4.0,4.0,0.0,5.0,2.0,39.0,4.0,0,1
45.0,0.0,13.0,107762.0,0.0,40.0,9.0,4.0,6.0,1.0,0.0,2.0,39.0,4.0,0,1
40.0,0.0,13.0,105779.0,0.0,47.0,9.0,4.0,5.0,1.0,3.0,4.0,39.0,12.0,1,0
44.0,0.0,14.0,116541.0,0.0,35.0,12.0,4.0,4.0,1.0,3.0,4.0,39.0,10.0,1,0
35.0,7443.0,9.0,213307.0,0.0,34.0,11.0,4.0,4.0,0.0,4.0,4.0,39.0,6.0,0,1
40.0,0.0,13.0,305147.0,0.0,50.0,9.0,4.0,4.0,1.0,0.0,2.0,39.0,3.0,0,1
25.0,0.0,12.0,203204.0,0.0,39.0,7.0,4.0,4.0,0.0,5.0,2.0,39.0,1.0,1,0
35.0,0.0,9.0,152958.0,0.0,43.0,11.0,4.0,6.0,1.0,0.0,2.0,39.0,4.0,1,0
40.0,0.0,9.0,151029.0,0.0,39.0,11.0,4.0,5.0,1.0,0.0,2.0,39.0,4.0,1,0
48.0,0.0,13.0,191295.0,0.0,44.0,9.0,2.0,1.0,1.0,0.0,2.0,39.0,4.0,0,1
40.0,0.0,10.0,192203.0,1485.0,45.0,15.0,4.0,6.0,1.0,0.0,2.0,39.0,3.0,1,0
40.0,0.0,10.0,73715.0,0.0,37.0,15.0,4.0,4.0,1.0,0.0,2.0,39.0,3.0,1,0
60.0,0.0,13.0,145162.0,0.0,31.0,9.0,4.0,6.0,1.0,0.0,2.0,0.0,4.0,1,0
50.0,0.0,13.0,162930.0,0.0,33.0,9.0,4.0,4.0,1.0,0.0,2.0,22.0,10.0,0,1
8.0,0.0,13.0,104576.0,0.0,66.0,9.0,4.0,6.0,1.0,0.0,2.0,39.0,4.0,1,0
20.0,0.0,16.0,88638.0,3683.0,74.0,10.0,4.0,7.0,0.0,2.0,4.0,39.0,10.0,1,0
45.0,0.0,10.0,169995.0,0.0,42.0,15.0,4.0,4.0,1.0,0.0,2.0,39.0,10.0,0,1
40.0,0.0,11.0,55395.0,0.0,40.0,8.0,4.0,4.0,1.0,0.0,2.0,39.0,10.0,1,0
20.0,0.0,9.0,188982.0,0.0,58.0,11.0,2.0,4.0,1.0,0.0,2.0,39.0,6.0,1,0
65.0,0.0,9.0,33404.0,0.0,33.0,11.0,4.0,6.0,1.0,1.0,0.0,39.0,3.0,1,0
48.0,0.0,10.0,147110.0,0.0,43.0,15.0,4.0,4.0,1.0,4.0,4.0,39.0,1.0,1,0
50.0,0.0,9.0,200235.0,0.0,55.0,11.0,4.0,0.0,1.0,0.0,2.0,39.0,0.0,1,0
40.0,0.0,10.0,137815.0,0.0,53.0,15.0,4.0,5.0,1.0,1.0,6.0,39.0,4.0,1,0
55.0,0.0,13.0,163604.0,0.0,30.0,9.0,4.0,4.0,0.0,4.0,6.0,39.0,10.0,1,0
48.0,0.0,13.0,146576.0,0.0,75.0,9.0,4.0,6.0,1.0,4.0,6.0,39.0,10.0,1,0
60.0,0.0,10.0,80303.0,0.0,38.0,15.0,4.0,4.0,1.0,0.0,2.0,39.0,12.0,1,0
40.0,0.0,13.0,222011.0,0.0,45.0,9.0,4.0,1.0,1.0,0.0,2.0,39.0,6.0,0,1
40.0,0.0,11.0,166459.0,0.0,51.0,8.0,4.0,5.0,1.0,0.0,2.0,39.0,4.0,0,1
50.0,0.0,13.0,331482.0,0.0,45.0,9.0,4.0,4.0,1.0,0.0,2.0,39.0,10.0,0,1
7.0,0.0,9.0,194360.0,0.0,47.0,11.0,4.0,2.0,0.0,5.0,2.0,39.0,8.0,1,0
40.0,0.0,9.0,123270.0,0.0,34.0,11.0,4.0,4.0,1.0,0.0,2.0,39.0,3.0,1,0
80.0,0.0,9.0,275110.0,0.0,27.0,11.0,2.0,4.0,1.0,0.0,2.0,39.0,6.0,1,0
40.0,0.0,9.0,211668.0,0.0,47.0,11.0,2.0,4.0,0.0,5.0,2.0,39.0,7.0,1,0
60.0,0.0,9.0,203277.0,0.0,30.0,11.0,4.0,4.0,1.0,0.0,2.0,39.0,11.0,1,0
50.0,0.0,13.0,253354.0,0.0,31.0,9.0,4.0,4.0,1.0,0.0,2.0,39.0,10.0,0,1
44.0,0.0,9.0,182211.0,0.0,48.0,11.0,4.0,4.0,1.0,0.0,2.0,39.0,3.0,1,0
55.0,0.0,13.0,43387.0,0.0,24.0,9.0,4.0,4.0,1.0,0.0,2.0,9.0,4.0,1,0
40.0,0.0,9.0,169482.0,0.0,55.0,11.0,4.0,7.0,1.0,0.0,2.0,39.0,5.0,1,0
40.0,0.0,13.0,66297.0,0.0,35.0,9.0,1.0,4.0,0.0,1.0,4.0,30.0,10.0,1,0
60.0,0.0,13.0,143058.0,0.0,35.0,9.0,4.0,4.0,1.0,0.0,2.0,39.0,10.0,0,1
40.0,0.0,10.0,124692.0,0.0,41.0,15.0,4.0,4.0,1.0,3.0,2.0,39.0,4.0,1,0
40.0,0.0,10.0,208872.0,0.0,47.0,15.0,4.0,4.0,1.0,0.0,2.0,39.0,3.0,0,1
40.0,0.0,13.0,320277.0,0.0,43.0,9.0,4.0,4.0,1.0,0.0,2.0,39.0,4.0,0,1
40.0,0.0,13.0,377095.0,0.0,28.0,9.0,4.0,4.0,0.0,5.0,2.0,39.0,4.0,0,1
40.0,0.0,13.0,176998.0,0.0,32.0,9.0,4.0,4.0,1.0,0.0,2.0,39.0,4.0,0,1
48.0,0.0,13.0,177792.0,0.0,32.0,9.0,4.0,4.0,0.0,1.0,0.0,39.0,4.0,1,0
40.0,0.0,10.0,300681.0,0.0,34.0,15.0,2.0,4.0,1.0,0.0,2.0,23.0,10.0,1,0
40.0,0.0,9.0,210164.0,0.0,31.0,11.0,4.0,6.0,1.0,0.0,2.0,39.0,4.0,1,0
40.0,0.0,10.0,254797.0,0.0,64.0,15.0,4.0,4.0,1.0,0.0,2.0,39.0,4.0,0,1
45.0,0.0,13.0,296212.0,0.0,38.0,9.0,4.0,4.0,1.0,0.0,2.0,39.0,3.0,0,1
50.0,0.0,9.0,259363.0,0.0,52.0,11.0,4.0,4.0,1.0,0.0,2.0,39.0,3.0,1,0
40.0,0.0,15.0,294292.0,0.0,37.0,14.0,4.0,4.0,1.0,0.0,2.0,39.0,4.0,0,1
65.0,0.0,10.0,415037.0,0.0,52.0,15.0,4.0,5.0,1.0,1.0,0.0,39.0,4.0,1,0
40.0,0.0,10.0,48779.0,0.0,38.0,15.0,4.0,4.0,1.0,0.0,2.0,39.0,14.0,1,0
40.0,0.0,9.0,176904.0,0.0,55.0,11.0,4.0,1.0,1.0,0.0,2.0,39.0,4.0,0,1
91.0,0.0,10.0,230168.0,0.0,41.0,15.0,4.0,5.0,1.0,0.0,2.0,39.0,12.0,0,1
65.0,0.0,10.0,150057.0,0.0,36.0,15.0,4.0,4.0,1.0,0.0,2.0,39.0,4.0,0,1
40.0,0.0,10.0,343849.0,0.0,56.0,15.0,2.0,4.0,1.0,0.0,2.0,39.0,14.0,0,1
16.0,0.0,10.0,163665.0,0.0,60.0,15.0,4.0,4.0,1.0,0.0,2.0,39.0,11.0,1,0
40.0,0.0,10.0,400061.0,0.0,40.0,15.0,3.0,4.0,1.0,0.0,2.0,39.0,7.0,1,0
45.0,0.0,9.0,161240.0,0.0,43.0,11.0,4.0,2.0,1.0,0.0,2.0,39.0,11.0,1,0
45.0,0.0,14.0,95708.0,0.0,41.0,12.0,1.0,6.0,1.0,1.0,4.0,39.0,4.0,1,0
50.0,0.0,10.0,361742.0,0.0,30.0,15.0,4.0,4.0,1.0,0.0,2.0,39.0,4.0,0,1
22.0,0.0,9.0,139049.0,0.0,73.0,11.0,4.0,0.0,0.0,1.0,6.0,39.0,0.0,1,0
50.0,0.0,14.0,208630.0,0.0,50.0,12.0,4.0,4.0,0.0,1.0,0.0,39.0,12.0,1,0
50.0,0.0,4.0,184787.0,0.0,48.0,5.0,4.0,5.0,1.0,0.0,2.0,39.0,3.0,1,0
40.0,0.0,10.0,209449.0,0.0,34.0,15.0,2.0,4.0,1.0,0.0,2.0,39.0,13.0,1,0
40.0,0.0,9.0,141388.0,0.0,53.0,11.0,4.0,4.0,1.0,0.0,2.0,39.0,14.0,1,0
40.0,0.0,9.0,148995.0,0.0,47.0,11.0,4.0,4.0,1.0,0.0,2.0,39.0,3.0,1,0
40.0,0.0,13.0,155489.0,0.0,49.0,9.0,4.0,4.0,1.0,0.0,2.0,39.0,3.0,0,1
50.0,0.0,14.0,270842.0,0.0,45.0,12.0,4.0,4.0,0.0,1.0,0.0,39.0,4.0,1,0
60.0,0.0,16.0,87507.0,0.0,29.0,10.0,1.0,4.0,1.0,0.0,2.0,19.0,10.0,0,1
45.0,0.0,13.0,315971.0,0.0,43.0,9.0,4.0,4.0,0.0,1.0,0.0,39.0,4.0,1,0
40.0,0.0,9.0,50178.0,0.0,50.0,11.0,4.0,4.0,1.0,0.0,2.0,39.0,13.0,1,0
35.0,0.0,13.0,203098.0,0.0,50.0,9.0,4.0,6.0,1.0,0.0,2.0,39.0,4.0,0,1
44.0,0.0,9.0,146325.0,0.0,50.0,11.0,4.0,4.0,1.0,0.0,2.0,39.0,3.0,1,0
60.0,0.0,16.0,290661.0,0.0,57.0,10.0,4.0,7.0,1.0,1.0,0.0,39.0,10.0,1,0
49.0,0.0,9.0,111567.0,0.0,32.0,11.0,4.0,7.0,1.0,0.0,2.0,39.0,3.0,1,0
45.0,0.0,12.0,240810.0,0.0,37.0,7.0,4.0,4.0,1.0,0.0,2.0,39.0,3.0,0,1
50.0,0.0,7.0,428499.0,1485.0,41.0,1.0,4.0,4.0,1.0,0.0,2.0,39.0,3.0,1,0
40.0,0.0,14.0,165637.0,0.0,51.0,12.0,4.0,0.0,1.0,0.0,2.0,39.0,0.0,0,1
40.0,0.0,13.0,188900.0,0.0,34.0,9.0,4.0,4.0,0.0,5.0,2.0,39.0,4.0,0,1
38.0,0.0,10.0,121362.0,2258.0,57.0,15.0,4.0,4.0,0.0,4.0,6.0,39.0,1.0,1,0
60.0,0.0,13.0,210736.0,0.0,52.0,9.0,4.0,5.0,1.0,0.0,2.0,39.0,12.0,0,1
40.0,0.0,9.0,185480.0,0.0,31.0,11.0,4.0,4.0,0.0,5.0,2.0,0.0,1.0,1,0
40.0,0.0,10.0,279183.0,0.0,44.0,15.0,4.0,4.0,0.0,3.0,2.0,39.0,8.0,1,0
84.0,0.0,11.0,220362.0,0.0,33.0,8.0,4.0,4.0,1.0,0.0,2.0,39.0,14.0,1,0
36.0,0.0,9.0,215419.0,0.0,38.0,11.0,4.0,4.0,0.0,5.0,2.0,39.0,1.0,1,0
20.0,0.0,16.0,113868.0,0.0,75.0,10.0,2.0,7.0,1.0,0.0,2.0,39.0,10.0,1,0
10.0,0.0,13.0,27385.0,0.0,57.0,9.0,4.0,6.0,1.0,0.0,2.0,39.0,12.0,0,1
32.0,0.0,10.0,63596.0,0.0,41.0,15.0,4.0,4.0,0.0,5.0,2.0,39.0,10.0,1,0
35.0,0.0,13.0,332465.0,0.0,48.0,9.0,4.0,4.0,1.0,0.0,2.0,39.0,10.0,0,1
40.0,0.0,13.0,390781.0,0.0,42.0,9.0,2.0,4.0,0.0,5.0,2.0,39.0,1.0,0,1
35.0,0.0,10.0,231105.0,0.0,63.0,15.0,4.0,6.0,1.0,0.0,2.0,39.0,7.0,1,0
40.0,0.0,6.0,381153.0,0.0,31.0,0.0,4.0,4.0,1.0,0.0,2.0,39.0,13.0,1,0
40.0,0.0,7.0,235693.0,0.0,54.0,1.0,4.0,4.0,1.0,1.0,0.0,39.0,1.0,1,0
40.0,0.0,9.0,309272.0,0.0,79.0,11.0,4.0,5.0,1.0,0.0,2.0,39.0,4.0,1,0
40.0,0.0,13.0,189183.0,0.0,51.0,9.0,4.0,5.0,1.0,0.0,2.0,39.0,4.0,0,1
40.0,0.0,13.0,177937.0,0.0,43.0,9.0,4.0,4.0,1.0,1.0,4.0,0.0,10.0,1,0
60.0,0.0,10.0,168475.0,0.0,35.0,15.0,4.0,6.0,1.0,0.0,2.0,39.0,3.0,1,0
40.0,0.0,11.0,188808.0,0.0,44.0,8.0,4.0,2.0,1.0,0.0,2.0,39.0,3.0,1,0
40.0,0.0,10.0,153870.0,2603.0,51.0,15.0,4.0,4.0,1.0,0.0,2.0,39.0,14.0,0,1
40.0,0.0,10.0,234664.0,0.0,27.0,15.0,4.0,4.0,1.0,0.0,2.0,39.0,10.0,1,0
60.0,0.0,13.0,170331.0,0.0,41.0,9.0,4.0,4.0,1.0,0.0,2.0,39.0,10.0,0,1
20.0,0.0,9.0,123207.0,0.0,47.0,11.0,4.0,4.0,0.0,5.0,2.0,39.0,1.0,1,0
10.0,0.0,16.0,287372.0,0.0,71.0,10.0,4.0,0.0,1.0,0.0,2.0,39.0,0.0,1,0
44.0,0.0,9.0,123211.0,0.0,37.0,11.0,4.0,4.0,1.0,0.0,2.0,39.0,8.0,1,0
40.0,0.0,10.0,29235.0,0.0,32.0,15.0,4.0,2.0,0.0,5.0,2.0,10.0,11.0,1,0
50.0,0.0,13.0,254202.0,0.0,37.0,9.0,4.0,4.0,1.0,0.0,2.0,39.0,12.0,0,1
50.0,0.0,13.0,351576.0,0.0,43.0,9.0,4.0,4.0,1.0,1.0,4.0,39.0,12.0,1,0
40.0,0.0,10.0,204751.0,0.0,57.0,15.0,4.0,4.0,1.0,0.0,2.0,39.0,3.0,1,0
40.0,0.0,14.0,185942.0,0.0,25.0,12.0,4.0,4.0,0.0,3.0,4.0,39.0,10.0,1,0
45.0,0.0,12.0,287701.0,0.0,35.0,7.0,4.0,4.0,1.0,4.0,0.0,39.0,3.0,1,0
40.0,0.0,11.0,102147.0,0.0,45.0,8.0,4.0,4.0,1.0,1.0,0.0,39.0,4.0,1,0
40.0,0.0,13.0,226916.0,0.0,35.0,9.0,4.0,1.0,1.0,1.0,6.0,39.0,1.0,1,0
70.0,0.0,13.0,282951.0,0.0,35.0,9.0,4.0,4.0,1.0,0.0,2.0,39.0,4.0,0,1
50.0,0.0,14.0,111700.0,0.0,50.0,12.0,4.0,1.0,0.0,1.0,4.0,39.0,4.0,0,1
45.0,0.0,10.0,191814.0,0.0,44.0,15.0,4.0,4.0,1.0,0.0,2.0,39.0,3.0,0,1
45.0,0.0,13.0,306908.0,0.0,25.0,9.0,4.0,4.0,1.0,0.0,2.0,39.0,10.0,1,0
45.0,0.0,13.0,54159.0,0.0,36.0,9.0,4.0,1.0,1.0,0.0,2.0,39.0,4.0,0,1
40.0,0.0,10.0,270889.0,0.0,30.0,15.0,4.0,4.0,1.0,0.0,2.0,39.0,1.0,1,0
40.0,0.0,9.0,192381.0,0.0,42.0,11.0,4.0,4.0,1.0,0.0,2.0,39.0,3.0,1,0
40.0,0.0,13.0,79712.0,0.0,30.0,9.0,3.0,4.0,1.0,0.0,2.0,39.0,10.0,0,1
50.0,0.0,9.0,98361.0,0.0,58.0,11.0,4.0,2.0,1.0,0.0,2.0,39.0,4.0,0,1
38.0,0.0,14.0,526968.0,0.0,37.0,12.0,4.0,4.0,0.0,1.0,4.0,39.0,10.0,1,0
73.0,0.0,9.0,206322.0,0.0,30.0,11.0,4.0,4.0,1.0,0.0,2.0,39.0,14.0,1,0
45.0,0.0,14.0,129513.0,0.0,49.0,12.0,4.0,4.0,1.0,0.0,2.0,39.0,12.0,0,1
40.0,0.0,9.0,61270.0,0.0,51.0,11.0,4.0,4.0,1.0,0.0,2.0,39.0,6.0,1,0
40.0,0.0,13.0,143266.0,0.0,58.0,9.0,4.0,5.0,1.0,0.0,2.0,39.0,10.0,0,1
60.0,0.0,9.0,277034.0,0.0,59.0,11.0,4.0,4.0,1.0,4.0,0.0,39.0,13.0,1,0
45.0,0.0,9.0,338345.0,0.0,60.0,11.0,4.0,4.0,1.0,0.0,2.0,39.0,3.0,1,0
60.0,0.0,13.0,236910.0,0.0,35.0,9.0,4.0,4.0,1.0,0.0,2.0,39.0,4.0,0,1
40.0,0.0,9.0,92036.0,0.0,40.0,11.0,4.0,4.0,1.0,0.0,2.0,39.0,6.0,1,0
58.0,0.0,13.0,33109.0,0.0,48.0,9.0,4.0,1.0,1.0,4.0,0.0,39.0,4.0,1,0
20.0,0.0,13.0,254211.0,0.0,51.0,9.0,4.0,4.0,1.0,0.0,2.0,39.0,3.0,1,0
55.0,0.0,9.0,85423.0,0.0,51.0,11.0,4.0,4.0,1.0,0.0,2.0,39.0,12.0,1,0
45.0,0.0,14.0,87556.0,0.0,35.0,12.0,4.0,4.0,1.0,1.0,4.0,39.0,10.0,1,0
40.0,0.0,9.0,286115.0,0.0,36.0,11.0,4.0,4.0,1.0,0.0,2.0,39.0,3.0,1,0
55.0,0.0,9.0,119177.0,0.0,38.0,11.0,4.0,4.0,1.0,0.0,2.0,39.0,12.0,1,0
40.0,0.0,9.0,343052.0,0.0,36.0,11.0,4.0,1.0,0.0,5.0,2.0,39.0,1.0,0,1
40.0,0.0,13.0,301024.0,0.0,50.0,9.0,4.0,4.0,1.0,1.0,5.0,39.0,12.0,1,0
40.0,0.0,10.0,433788.0,0.0,31.0,15.0,4.0,4.0,1.0,0.0,2.0,39.0,14.0,1,0
50.0,0.0,14.0,167334.0,0.0,45.0,12.0,4.0,2.0,1.0,1.0,4.0,39.0,10.0,1,0
40.0,0.0,14.0,260938.0,0.0,52.0,12.0,4.0,4.0,1.0,0.0,2.0,39.0,12.0,0,1
50.0,0.0,10.0,28572.0,0.0,36.0,15.0,4.0,4.0,1.0,0.0,2.0,39.0,3.0,0,1
45.0,0.0,13.0,135296.0,2258.0,29.0,9.0,4.0,4.0,0.0,1.0,4.0,39.0,4.0,1,0
50.0,0.0,9.0,317032.0,0.0,52.0,11.0,4.0,4.0,1.0,0.0,2.0,39.0,3.0,1,0
48.0,0.0,10.0,34722.0,0.0,40.0,15.0,4.0,4.0,1.0,1.0,0.0,39.0,14.0,1,0
50.0,0.0,10.0,104334.0,0.0,41.0,15.0,4.0,4.0,1.0,0.0,2.0,39.0,12.0,1,0
50.0,0.0,13.0,27444.0,0.0,40.0,9.0,4.0,2.0,1.0,1.0,4.0,39.0,10.0,1,0
40.0,0.0,9.0,281425.0,0.0,53.0,11.0,4.0,4.0,1.0,0.0,2.0,39.0,3.0,1,0
40.0,0.0,9.0,329059.0,0.0,56.0,11.0,4.0,4.0,1.0,0.0,2.0,22.0,7.0,1,0
80.0,0.0,9.0,256861.0,0.0,50.0,11.0,4.0,4.0,1.0,0.0,2.0,39.0,12.0,0,1
40.0,0.0,9.0,36327.0,0.0,53.0,11.0,4.0,4.0,1.0,0.0,2.0,39.0,12.0,1,0
40.0,0.0,13.0,162572.0,0.0,31.0,9.0,4.0,4.0,1.0,0.0,2.0,39.0,4.0,0,1
50.0,0.0,13.0,182609.0,0.0,38.0,9.0,4.0,4.0,1.0,0.0,2.0,31.0,12.0,0,1
40.0,0.0,3.0,164775.0,0.0,22.0,4.0,4.0,2.0,1.0,2.0,4.0,13.0,6.0,1,0
50.0,0.0,9.0,93793.0,0.0,40.0,11.0,4.0,6.0,1.0,0.0,2.0,39.0,3.0,1,0
40.0,0.0,13.0,160120.0,0.0,35.0,9.0,1.0,4.0,1.0,0.0,2.0,30.0,1.0,1,0
40.0,0.0,9.0,28151.0,0.0,55.0,11.0,4.0,2.0,0.0,1.0,0.0,39.0,1.0,1,0
40.0,0.0,13.0,112847.0,0.0,36.0,9.0,1.0,1.0,1.0,0.0,2.0,39.0,10.0,0,1
40.0,0.0,10.0,183765.0,0.0,43.0,15.0,4.0,4.0,1.0,1.0,0.0,0.0,13.0,1,0
40.0,0.0,9.0,232475.0,0.0,33.0,11.0,4.0,4.0,1.0,0.0,2.0,39.0,3.0,1,0
36.0,0.0,11.0,153546.0,0.0,27.0,8.0,4.0,5.0,0.0,5.0,2.0,39.0,8.0,1,0
50.0,0.0,11.0,79036.0,0.0,40.0,8.0,4.0,4.0,1.0,1.0,0.0,39.0,14.0,1,0
50.0,0.0,15.0,132686.0,0.0,29.0,14.0,4.0,6.0,1.0,3.0,4.0,22.0,10.0,1,0
40.0,0.0,10.0,90042.0,0.0,46.0,15.0,4.0,4.0,1.0,0.0,2.0,39.0,3.0,1,0
40.0,0.0,13.0,243631.0,0.0,47.0,9.0,1.0,6.0,1.0,0.0,2.0,35.0,10.0,0,1
40.0,0.0,9.0,67433.0,0.0,37.0,11.0,4.0,4.0,0.0,5.0,2.0,39.0,1.0,1,0
40.0,0.0,9.0,389254.0,0.0,60.0,11.0,4.0,4.0,1.0,0.0,2.0,39.0,12.0,1,0
40.0,0.0,15.0,98283.0,1564.0,34.0,14.0,1.0,4.0,1.0,1.0,4.0,19.0,13.0,1,0
40.0,0.0,13.0,171482.0,0.0,39.0,9.0,4.0,7.0,1.0,1.0,4.0,39.0,10.0,1,0
40.0,0.0,10.0,136629.0,0.0,36.0,15.0,4.0,4.0,1.0,0.0,2.0,39.0,7.0,1,0
55.0,0.0,13.0,115792.0,0.0,35.0,9.0,4.0,4.0,1.0,0.0,2.0,39.0,10.0,0,1
40.0,0.0,13.0,322691.0,0.0,58.0,9.0,4.0,4.0,1.0,0.0,2.0,39.0,7.0,1,0
40.0,0.0,13.0,121142.0,0.0,30.0,9.0,4.0,4.0,1.0,1.0,4.0,39.0,12.0,1,0
37.0,0.0,9.0,95113.0,0.0,67.0,11.0,4.0,4.0,1.0,0.0,2.0,39.0,4.0,1,0
50.0,0.0,10.0,164790.0,0.0,43.0,15.0,2.0,7.0,1.0,1.0,0.0,39.0,1.0,1,0
32.0,0.0,14.0,238959.0,0.0,52.0,12.0,4.0,2.0,1.0,1.0,4.0,39.0,10.0,1,0
20.0,0.0,14.0,409842.0,0.0,59.0,12.0,4.0,0.0,1.0,0.0,2.0,39.0,0.0,0,1
35.0,0.0,9.0,314727.0,0.0,56.0,11.0,4.0,4.0,1.0,0.0,2.0,39.0,3.0,1,0
40.0,0.0,10.0,227446.0,0.0,31.0,15.0,4.0,4.0,1.0,0.0,2.0,5.0,4.0,1,0
40.0,0.0,13.0,192107.0,0.0,41.0,9.0,4.0,4.0,1.0,0.0,2.0,39.0,3.0,0,1
40.0,0.0,9.0,99527.0,0.0,39.0,11.0,4.0,4.0,1.0,0.0,2.0,39.0,3.0,1,0
40.0,0.0,5.0,92215.0,0.0,56.0,6.0,4.0,4.0,0.0,1.0,0.0,39.0,3.0,1,0
50.0,0.0,13.0,119986.0,0.0,61.0,9.0,4.0,5.0,1.0,0.0,2.0,39.0,12.0,0,1
40.0,0.0,13.0,226443.0,0.0,31.0,9.0,4.0,4.0,1.0,0.0,2.0,39.0,10.0,0,1
40.0,0.0,13.0,186916.0,0.0,40.0,9.0,4.0,4.0,1.0,0.0,2.0,39.0,10.0,0,1
40.0,0.0,10.0,192835.0,0.0,45.0,15.0,4.0,4.0,1.0,0.0,2.0,39.0,4.0,0,1
40.0,0.0,9.0,36960.0,0.0,64.0,11.0,4.0,6.0,1.0,0.0,2.0,39.0,5.0,1,0
60.0,0.0,9.0,374588.0,0.0,53.0,11.0,2.0,4.0,1.0,0.0,2.0,39.0,14.0,0,1
35.0,0.0,13.0,310774.0,0.0,50.0,9.0,4.0,4.0,1.0,0.0,2.0,39.0,12.0,0,1
23.0,0.0,16.0,196504.0,0.0,50.0,10.0,4.0,6.0,1.0,0.0,2.0,39.0,10.0,0,1
30.0,0.0,13.0,277390.0,0.0,41.0,9.0,4.0,0.0,0.0,5.0,2.0,39.0,0.0,1,0
40.0,0.0,10.0,48271.0,0.0,45.0,15.0,4.0,4.0,0.0,5.0,2.0,39.0,1.0,1,0
30.0,0.0,9.0,175990.0,0.0,47.0,11.0,4.0,4.0,0.0,5.0,2.0,39.0,8.0,1,0
55.0,0.0,12.0,186035.0,0.0,37.0,7.0,4.0,4.0,1.0,0.0,2.0,39.0,3.0,0,1
40.0,0.0,9.0,186338.0,0.0,51.0,11.0,4.0,4.0,1.0,0.0,2.0,39.0,3.0,1,0
40.0,0.0,14.0,113234.0,0.0,62.0,12.0,4.0,0.0,0.0,5.0,2.0,39.0,0.0,0,1
50.0,0.0,9.0,193855.0,1902.0,37.0,11.0,4.0,4.0,1.0,0.0,2.0,39.0,3.0,0,1
50.0,0.0,11.0,310889.0,0.0,30.0,8.0,4.0,4.0,1.0,0.0,2.0,39.0,4.0,1,0
40.0,0.0,13.0,207352.0,0.0,27.0,9.0,1.0,4.0,1.0,0.0,2.0,19.0,13.0,1,0
75.0,0.0,9.0,172034.0,0.0,47.0,11.0,4.0,6.0,1.0,0.0,2.0,39.0,12.0,1,0
48.0,0.0,13.0,553473.0,0.0,27.0,9.0,2.0,7.0,0.0,5.0,2.0,39.0,11.0,0,1
50.0,0.0,9.0,338320.0,0.0,35.0,11.0,4.0,5.0,1.0,0.0,2.0,39.0,4.0,1,0
40.0,0.0,9.0,237819.0,0.0,50.0,11.0,4.0,4.0,1.0,0.0,2.0,39.0,14.0,1,0
20.0,4386.0,10.0,169527.0,0.0,34.0,15.0,4.0,4.0,0.0,5.0,2.0,39.0,12.0,0,1
40.0,0.0,10.0,228306.0,0.0,22.0,15.0,4.0,4.0,0.0,5.0,1.0,39.0,8.0,1,0
40.0,0.0,9.0,246183.0,0.0,49.0,11.0,4.0,4.0,1.0,0.0,2.0,39.0,12.0,1,0
50.0,0.0,9.0,165350.0,0.0,24.0,11.0,2.0,0.0,1.0,1.0,5.0,11.0,0.0,0,1
42.0,0.0,13.0,169662.0,0.0,27.0,9.0,4.0,4.0,1.0,0.0,2.0,39.0,10.0,1,0
40.0,0.0,9.0,189664.0,0.0,55.0,11.0,4.0,4.0,1.0,0.0,2.0,39.0,10.0,1,0
40.0,0.0,14.0,98941.0,0.0,37.0,12.0,4.0,4.0,1.0,1.0,4.0,39.0,4.0,1,0
40.0,0.0,9.0,65481.0,0.0,23.0,11.0,4.0,4.0,0.0,5.0,2.0,39.0,7.0,1,0
40.0,0.0,13.0,324629.0,0.0,41.0,9.0,4.0,4.0,1.0,0.0,2.0,41.0,4.0,0,1
40.0,0.0,9.0,128796.0,0.0,47.0,11.0,4.0,4.0,1.0,0.0,2.0,39.0,3.0,1,0
45.0,0.0,9.0,142573.0,0.0,36.0,11.0,4.0,2.0,1.0,0.0,2.0,39.0,4.0,1,0
40.0,0.0,10.0,227832.0,0.0,54.0,15.0,4.0,4.0,1.0,0.0,2.0,39.0,1.0,0,1
60.0,0.0,14.0,265706.0,0.0,34.0,12.0,4.0,4.0,1.0,4.0,4.0,39.0,12.0,1,0
40.0,0.0,9.0,308945.0,0.0,35.0,11.0,4.0,2.0,1.0,0.0,2.0,39.0,3.0,1,0
40.0,0.0,9.0,132879.0,0.0,37.0,11.0,4.0,4.0,1.0,0.0,2.0,39.0,4.0,1,0
40.0,0.0,9.0,196373.0,0.0,38.0,11.0,4.0,5.0,1.0,0.0,2.0,39.0,4.0,1,0
50.0,0.0,7.0,235071.0,0.0,24.0,1.0,4.0,4.0,1.0,0.0,2.0,39.0,3.0,1,0
52.0,0.0,9.0,100292.0,0.0,40.0,11.0,4.0,4.0,1.0,0.0,2.0,39.0,12.0,1,0
45.0,0.0,13.0,83043.0,2179.0,63.0,9.0,4.0,0.0,1.0,0.0,2.0,39.0,0.0,0,1
60.0,0.0,14.0,341439.0,0.0,53.0,12.0,4.0,4.0,0.0,1.0,4.0,39.0,4.0,1,0
40.0,0.0,9.0,183009.0,0.0,41.0,11.0,2.0,2.0,1.0,0.0,2.0,39.0,14.0,1,0
40.0,0.0,10.0,440129.0,0.0,31.0,15.0,4.0,7.0,1.0,1.0,0.0,39.0,11.0,1,0
65.0,0.0,13.0,213226.0,0.0,34.0,9.0,4.0,4.0,1.0,1.0,4.0,39.0,12.0,1,0
43.0,0.0,10.0,203070.0,0.0,37.0,15.0,4.0,1.0,1.0,0.0,2.0,39.0,3.0,0,1
40.0,0.0,13.0,48779.0,0.0,37.0,9.0,4.0,1.0,1.0,0.0,2.0,39.0,10.0,0,1
70.0,0.0,13.0,248612.0,0.0,26.0,9.0,4.0,4.0,1.0,1.0,4.0,39.0,4.0,1,0
40.0,10566.0,4.0,257557.0,0.0,67.0,5.0,2.0,4.0,1.0,0.0,2.0,39.0,14.0,0,1
44.0,0.0,10.0,326310.0,0.0,40.0,15.0,4.0,4.0,1.0,0.0,2.0,39.0,3.0,0,1
45.0,0.0,9.0,217460.0,0.0,31.0,11.0,4.0,4.0,1.0,0.0,2.0,39.0,14.0,1,0
40.0,0.0,9.0,290306.0,0.0,38.0,11.0,4.0,4.0,1.0,0.0,2.0,39.0,3.0,1,0
60.0,0.0,13.0,94342.0,0.0,49.0,9.0,4.0,4.0,1.0,0.0,2.0,39.0,3.0,0,1
50.0,0.0,9.0,25825.0,0.0,60.0,11.0,4.0,6.0,1.0,1.0,0.0,39.0,3.0,1,0
20.0,0.0,10.0,129150.0,0.0,36.0,15.0,4.0,4.0,1.0,0.0,2.0,39.0,10.0,1,0
40.0,0.0,10.0,205339.0,0.0,37.0,15.0,4.0,4.0,1.0,1.0,4.0,39.0,13.0,1,0
40.0,0.0,9.0,134768.0,0.0,62.0,11.0,4.0,4.0,1.0,0.0,2.0,39.0,14.0,1,0
40.0,0.0,9.0,162825.0,0.0,62.0,11.0,4.0,4.0,1.0,0.0,2.0,39.0,4.0,1,0
40.0,0.0,9.0,245056.0,0.0,43.0,11.0,2.0,4.0,1.0,0.0,2.0,39.0,1.0,1,0
40.0,0.0,9.0,123011.0,0.0,54.0,11.0,4.0,4.0,1.0,0.0,2.0,31.0,7.0,1,0
40.0,0.0,10.0,190333.0,0.0,51.0,15.0,4.0,1.0,1.0,0.0,2.0,39.0,3.0,0,1
35.0,0.0,9.0,102828.0,0.0,53.0,11.0,4.0,4.0,1.0,0.0,2.0,39.0,4.0,1,0
45.0,0.0,15.0,237993.0,0.0,44.0,14.0,4.0,4.0,1.0,0.0,2.0,0.0,7.0,0,1
35.0,0.0,11.0,376302.0,0.0,29.0,8.0,4.0,2.0,0.0,5.0,2.0,27.0,13.0,1,0
50.0,0.0,13.0,351871.0,0.0,29.0,9.0,4.0,4.0,1.0,1.0,4.0,39.0,12.0,1,0
40.0,0.0,14.0,355978.0,0.0,48.0,12.0,4.0,4.0,1.0,0.0,2.0,39.0,4.0,0,1
56.0,0.0,13.0,171807.0,0.0,48.0,9.0,4.0,4.0,0.0,4.0,0.0,39.0,8.0,1,0
48.0,0.0,7.0,183973.0,0.0,53.0,1.0,4.0,4.0,1.0,0.0,2.0,39.0,7.0,1,0
40.0,0.0,10.0,415500.0,0.0,37.0,15.0,2.0,4.0,1.0,0.0,2.0,39.0,7.0,1,0
50.0,0.0,9.0,144361.0,0.0,50.0,11.0,4.0,4.0,1.0,0.0,2.0,39.0,7.0,1,0
40.0,0.0,9.0,173266.0,0.0,34.0,11.0,4.0,7.0,1.0,0.0,2.0,39.0,13.0,1,0
40.0,0.0,9.0,66686.0,0.0,37.0,11.0,4.0,4.0,1.0,0.0,2.0,39.0,14.0,1,0
50.0,0.0,9.0,293291.0,0.0,39.0,11.0,4.0,4.0,1.0,0.0,2.0,39.0,7.0,1,0
50.0,0.0,9.0,148492.0,1485.0,60.0,11.0,4.0,6.0,1.0,0.0,2.0,39.0,3.0,1,0
50.0,0.0,10.0,338376.0,0.0,28.0,15.0,4.0,4.0,1.0,0.0,2.0,39.0,1.0,1,0
40.0,0.0,9.0,174283.0,0.0,44.0,11.0,4.0,4.0,1.0,0.0,2.0,39.0,3.0,1,0
40.0,0.0,10.0,195686.0,0.0,38.0,15.0,4.0,4.0,1.0,0.0,2.0,39.0,3.0,1,0
40.0,0.0,10.0,178312.0,0.0,61.0,15.0,4.0,1.0,1.0,0.0,2.0,39.0,10.0,0,1
40.0,0.0,9.0,104001.0,0.0,74.0,11.0,4.0,6.0,1.0,0.0,2.0,39.0,12.0,1,0
60.0,0.0,14.0,45607.0,0.0,35.0,12.0,4.0,2.0,1.0,1.0,4.0,39.0,10.0,1,0
66.0,0.0,15.0,306440.0,0.0,43.0,14.0,4.0,4.0,1.0,1.0,4.0,10.0,10.0,0,1
50.0,0.0,9.0,207578.0,0.0,40.0,11.0,4.0,5.0,1.0,0.0,2.0,39.0,1.0,1,0
48.0,0.0,9.0,37931.0,0.0,36.0,11.0,4.0,7.0,1.0,0.0,2.0,39.0,11.0,1,0
40.0,0.0,13.0,98941.0,0.0,39.0,9.0,4.0,4.0,1.0,1.0,4.0,39.0,10.0,1,0
43.0,0.0,16.0,259929.0,0.0,58.0,10.0,4.0,7.0,0.0,1.0,4.0,39.0,4.0,1,0
50.0,0.0,13.0,197038.0,0.0,45.0,9.0,4.0,4.0,1.0,1.0,0.0,39.0,10.0,1,0
20.0,0.0,10.0,210525.0,0.0,42.0,15.0,4.0,4.0,1.0,0.0,2.0,39.0,13.0,1,0
50.0,0.0,9.0,129513.0,0.0,49.0,11.0,4.0,4.0,1.0,0.0,2.0,39.0,14.0,1,0
48.0,0.0,9.0,199539.0,0.0,34.0,11.0,4.0,4.0,1.0,0.0,2.0,39.0,3.0,1,0
40.0,0.0,13.0,157287.0,0.0,32.0,9.0,4.0,4.0,1.0,0.0,2.0,39.0,12.0,0,1
40.0,0.0,13.0,145139.0,0.0,31.0,9.0,4.0,4.0,1.0,0.0,2.0,39.0,3.0,1,0
60.0,0.0,13.0,181091.0,0.0,33.0,9.0,4.0,4.0,1.0,0.0,2.0,20.0,1.0,1,0
40.0,0.0,14.0,170924.0,0.0,41.0,12.0,4.0,7.0,1.0,0.0,2.0,39.0,10.0,0,1
65.0,0.0,13.0,454508.0,0.0,34.0,9.0,4.0,4.0,1.0,0.0,2.0,20.0,10.0,0,1
50.0,0.0,13.0,79649.0,0.0,35.0,9.0,4.0,2.0,1.0,0.0,2.0,39.0,10.0,0,1
40.0,0.0,14.0,206667.0,0.0,90.0,12.0,4.0,4.0,0.0,5.0,2.0,39.0,10.0,1,0
40.0,4386.0,11.0,319146.0,0.0,31.0,8.0,4.0,4.0,1.0,0.0,2.0,26.0,3.0,1,0
24.0,0.0,13.0,117496.0,0.0,50.0,9.0,4.0,2.0,0.0,5.0,2.0,39.0,10.0,0,1
45.0,0.0,10.0,323044.0,0.0,26.0,15.0,4.0,4.0,1.0,0.0,2.0,11.0,4.0,1,0
48.0,0.0,10.0,359001.0,0.0,36.0,15.0,4.0,2.0,1.0,0.0,2.0,39.0,11.0,0,1
40.0,0.0,14.0,357691.0,0.0,33.0,12.0,2.0,7.0,1.0,0.0,2.0,39.0,11.0,0,1
55.0,0.0,13.0,183155.0,0.0,28.0,9.0,4.0,4.0,1.0,0.0,2.0,39.0,10.0,0,1
40.0,0.0,12.0,194733.0,0.0,58.0,7.0,4.0,4.0,1.0,0.0,2.0,39.0,3.0,1,0
40.0,15024.0,8.0,200790.0,0.0,19.0,2.0,4.0,0.0,0.0,2.0,2.0,39.0,0.0,1,0
30.0,0.0,13.0,168943.0,0.0,25.0,9.0,4.0,4.0,0.0,5.0,2.0,39.0,4.0,1,0
43.0,0.0,12.0,37937.0,0.0,43.0,7.0,4.0,2.0,1.0,0.0,2.0,39.0,13.0,0,1
48.0,0.0,10.0,152373.0,0.0,53.0,15.0,4.0,4.0,1.0,1.0,0.0,39.0,3.0,1,0
50.0,0.0,12.0,170866.0,0.0,40.0,7.0,4.0,6.0,1.0,0.0,2.0,39.0,5.0,1,0
40.0,0.0,13.0,266119.0,0.0,79.0,9.0,4.0,4.0,1.0,0.0,2.0,39.0,12.0,0,1
45.0,0.0,13.0,122175.0,0.0,25.0,9.0,4.0,4.0,1.0,0.0,2.0,39.0,10.0,1,0
40.0,4386.0,9.0,75472.0,0.0,50.0,11.0,4.0,4.0,1.0,0.0,2.0,0.0,3.0,0,1
50.0,0.0,14.0,132930.0,0.0,56.0,12.0,4.0,0.0,0.0,1.0,4.0,39.0,0.0,1,0
40.0,0.0,9.0,208470.0,0.0,41.0,11.0,4.0,4.0,1.0,0.0,2.0,39.0,4.0,1,0
45.0,0.0,6.0,378747.0,0.0,54.0,0.0,2.0,4.0,1.0,4.0,5.0,39.0,14.0,1,0
50.0,0.0,13.0,403433.0,0.0,30.0,9.0,2.0,4.0,1.0,1.0,4.0,39.0,10.0,1,0
40.0,0.0,9.0,189762.0,0.0,48.0,11.0,4.0,2.0,1.0,0.0,2.0,39.0,3.0,1,0
40.0,0.0,9.0,408717.0,0.0,40.0,11.0,4.0,4.0,1.0,0.0,2.0,39.0,3.0,1,0
50.0,0.0,9.0,99146.0,0.0,35.0,11.0,4.0,4.0,1.0,0.0,2.0,39.0,4.0,1,0
50.0,0.0,10.0,187702.0,0.0,40.0,15.0,4.0,4.0,1.0,1.0,4.0,39.0,4.0,1,0
